priority,id,name,address,region,source,status,seedLat,seedLng,candidateLat,candidateLng,matchedMngNo,matchedManager,matchedPurpose,matchedAddress,matchedDistanceM,matchedScore,matchedCameraCount,matchStrategy,manualReviewRequired,autoPromotionAllowed,note
P1_manual_review,IC-CR-071,남동구 만수동 방범 CCTV-2,인천 남동구 만수동 만수로 55,인천,Incheon-Local,review_needed,37.448,126.7198,37.44795,126.719946,202535300000800319,인천광역시 남동구청,생활방범,인천광역시 남동구 인주대로748번길 20,14,194,1,semi_auto_review,true,false,"반자동 검토 대기 (mng=202535300000800319, score=194, dist=14m)"
P1_manual_review,IC-CR-072,남동구 만수동 방범 CCTV-3,인천 남동구 만수동 만수로 55,인천,Incheon-Local,review_needed,37.448,126.7198,37.44795,126.719946,202535300000800319,인천광역시 남동구청,생활방범,인천광역시 남동구 인주대로748번길 20,14,194,1,semi_auto_review,true,false,"반자동 검토 대기 (mng=202535300000800319, score=194, dist=14m)"
P1_manual_review,IC-CR-095,계양구 귤현동 방범 CCTV-2,인천 계양구 귤현동 계양대로 21,인천,Incheon-Local,review_needed,37.5371,126.7382,37.537073,126.73848,202535500000800431,인천광역시 계양구청,생활방범,인천광역시 계양구 계산새로 88,25,194,1,semi_auto_review,true,false,"반자동 검토 대기 (mng=202535500000800431, score=194, dist=25m)"
P1_manual_review,IC-CR-096,계양구 귤현동 방범 CCTV-3,인천 계양구 귤현동 계양대로 21,인천,Incheon-Local,review_needed,37.5371,126.7382,37.537073,126.73848,202535500000800431,인천광역시 계양구청,생활방범,인천광역시 계양구 계산새로 88,25,194,1,semi_auto_review,true,false,"반자동 검토 대기 (mng=202535500000800431, score=194, dist=25m)"
P1_manual_review,IC-CR-014,부평구 부평동 방범 CCTV-2,인천 부평구 부평대로 168,인천,Incheon-Local,review_needed,37.496,126.7219,37.4962582,126.7216995,202435400000801742,인천광역시 부평구청,생활방범,인천광역시 부평구 부평문화로53번길 49,34,194,1,semi_auto_review,true,false,"반자동 검토 대기 (mng=202435400000801742, score=194, dist=34m)"
P1_manual_review,IC-CR-015,부평구 부평동 방범 CCTV-3,인천 부평구 부평대로 168,인천,Incheon-Local,review_needed,37.496,126.7219,37.4962582,126.7216995,202435400000801742,인천광역시 부평구청,생활방범,인천광역시 부평구 부평문화로53번길 49,34,194,1,semi_auto_review,true,false,"반자동 검토 대기 (mng=202435400000801742, score=194, dist=34m)"
P1_manual_review,IC-CR-017,부평구 십정동 방범 CCTV-2,인천 부평구 십정동 십정로 33,인천,Incheon-Local,review_needed,37.4985,126.7185,37.498908,126.718833,202435400000802017,인천광역시 부평구청,생활방범,인천광역시 부평구 부흥로 245,54,194,2,semi_auto_review,true,false,"반자동 검토 대기 (mng=202435400000802017, score=194, dist=54m)"
P1_manual_review,IC-CR-018,부평구 십정동 방범 CCTV-3,인천 부평구 십정동 십정로 33,인천,Incheon-Local,review_needed,37.4985,126.7185,37.498908,126.718833,202435400000802017,인천광역시 부평구청,생활방범,인천광역시 부평구 부흥로 245,54,194,2,semi_auto_review,true,false,"반자동 검토 대기 (mng=202435400000802017, score=194, dist=54m)"
P1_manual_review,IC-CR-023,부평구 부평4동 방범 CCTV-2,인천 부평구 부평4동 경인로 22,인천,Incheon-Local,review_needed,37.4921,126.7268,37.492401,126.727532,202435400000802530,인천광역시 부평구청,생활방범,인천광역시 부평구 대정로82번길 11,73,194,2,semi_auto_review,true,false,"반자동 검토 대기 (mng=202435400000802530, score=194, dist=73m)"
P1_manual_review,IC-CR-024,부평구 부평4동 방범 CCTV-3,인천 부평구 부평4동 경인로 22,인천,Incheon-Local,review_needed,37.4921,126.7268,37.492401,126.727532,202435400000802530,인천광역시 부평구청,생활방범,인천광역시 부평구 대정로82번길 11,73,194,2,semi_auto_review,true,false,"반자동 검토 대기 (mng=202435400000802530, score=194, dist=73m)"
P1_manual_review,IC-CR-118,중구 신흥동 방범 CCTV-1,인천 중구 신흥동 신흥로 30,인천,Incheon-Local,review_needed,37.4755,126.6175,37.4761469,126.6170827,202534900000800306,인천광역시 중구청,생활방범,인천광역시 중구 제물량로 271,81,191,3,semi_auto_review,true,false,"반자동 검토 대기 (mng=202534900000800306, score=191, dist=81m)"
P1_manual_review,IC-CR-119,중구 신흥동 방범 CCTV-2,인천 중구 신흥동 신흥로 30,인천,Incheon-Local,review_needed,37.4755,126.6175,37.4761469,126.6170827,202534900000800306,인천광역시 중구청,생활방범,인천광역시 중구 제물량로 271,81,191,3,semi_auto_review,true,false,"반자동 검토 대기 (mng=202534900000800306, score=191, dist=81m)"
P1_manual_review,IC-CR-120,중구 신흥동 방범 CCTV-3,인천 중구 신흥동 신흥로 30,인천,Incheon-Local,review_needed,37.4755,126.6175,37.4761469,126.6170827,202534900000800306,인천광역시 중구청,생활방범,인천광역시 중구 제물량로 271,81,191,3,semi_auto_review,true,false,"반자동 검토 대기 (mng=202534900000800306, score=191, dist=81m)"
P1_manual_review,KP-CR-045,걸포동 방범 CCTV-1,경기 김포시 걸포동 걸포로 30,김포,Gimpo-Local,review_needed,37.6271,126.7085,37.626776,126.70751,202540900000802728,도시안전정보센터,생활방범,경기도 김포시 걸포동 4-170(걸포동 마을회관 인근),94,191,4,semi_auto_review,true,false,"반자동 검토 대기 (mng=202540900000802728, score=191, dist=94m)"
P1_manual_review,KP-CR-046,걸포동 방범 CCTV-2,경기 김포시 걸포동 걸포로 30,김포,Gimpo-Local,review_needed,37.6271,126.7085,37.626776,126.70751,202540900000802728,도시안전정보센터,생활방범,경기도 김포시 걸포동 4-170(걸포동 마을회관 인근),94,191,4,semi_auto_review,true,false,"반자동 검토 대기 (mng=202540900000802728, score=191, dist=94m)"
P2_manual_review,KP-CR-013,고촌읍 방범 CCTV-1,경기 김포시 고촌읍 신곡수변로,김포,Gimpo-Local,review_needed,37.5958,126.7701,37.596835,126.770116,202540900000803435,도시안전정보센터,생활방범,경기도 김포시 고촌읍 신곡리 1260(힐스테이트2단지 공원),115,191,5,semi_auto_review,true,false,"반자동 검토 대기 (mng=202540900000803435, score=191, dist=115m)"
P2_manual_review,KP-CR-014,고촌읍 방범 CCTV-2,경기 김포시 고촌읍 신곡수변로,김포,Gimpo-Local,review_needed,37.5958,126.7701,37.596835,126.770116,202540900000803435,도시안전정보센터,생활방범,경기도 김포시 고촌읍 신곡리 1260(힐스테이트2단지 공원),115,191,5,semi_auto_review,true,false,"반자동 검토 대기 (mng=202540900000803435, score=191, dist=115m)"
P2_manual_review,IC-CR-085,계양구 계산동 방범 CCTV-1,인천 계양구 계산동 계양대로 120,인천,Incheon-Local,review_needed,37.5421,126.7312,37.542132,126.732826,202535500000800498,인천광역시 계양구청,생활방범,인천광역시 계양구 경명대로 1142번길 7,143,191,3,semi_auto_review,true,false,"반자동 검토 대기 (mng=202535500000800498, score=191, dist=143m)"
P2_manual_review,IC-CR-086,계양구 계산동 방범 CCTV-2,인천 계양구 계산동 계양대로 120,인천,Incheon-Local,review_needed,37.5421,126.7312,37.542132,126.732826,202535500000800498,인천광역시 계양구청,생활방범,인천광역시 계양구 경명대로 1142번길 7,143,191,3,semi_auto_review,true,false,"반자동 검토 대기 (mng=202535500000800498, score=191, dist=143m)"
P2_manual_review,IC-CR-087,계양구 계산동 방범 CCTV-3,인천 계양구 계산동 계양대로 120,인천,Incheon-Local,review_needed,37.5421,126.7312,37.542132,126.732826,202535500000800498,인천광역시 계양구청,생활방범,인천광역시 계양구 경명대로 1142번길 7,143,191,3,semi_auto_review,true,false,"반자동 검토 대기 (mng=202535500000800498, score=191, dist=143m)"
P2_manual_review,KP-CR-003,사우동 방범 CCTV-1,경기 김포시 사우로 45,김포,Gimpo-Local,review_needed,37.6175,126.7112,37.618047,126.712691,202540900000803250,도시안전정보센터,생활방범,경기도 김포시 사우동 1223 (김포여중 뒷길),145,191,4,semi_auto_review,true,false,"반자동 검토 대기 (mng=202540900000803250, score=191, dist=145m)"
P2_manual_review,KP-CR-004,사우동 방범 CCTV-2,경기 김포시 사우로 45,김포,Gimpo-Local,review_needed,37.6175,126.7112,37.618047,126.712691,202540900000803250,도시안전정보센터,생활방범,경기도 김포시 사우동 1223 (김포여중 뒷길),145,191,4,semi_auto_review,true,false,"반자동 검토 대기 (mng=202540900000803250, score=191, dist=145m)"
P2_manual_review,KP-CR-011,고촌읍 방범 CCTV-1,경기 김포시 고촌읍 아라육로,김포,Gimpo-Local,review_needed,37.6031,126.7623,37.604513,126.762453,202540900000802865,도시안전정보센터,생활방범,경기도 김포시 고촌읍 풍곡리 228-1 (새한솔어린이집),158,171,4,semi_auto_review,true,false,"반자동 검토 대기 (mng=202540900000802865, score=171, dist=158m)"
P2_manual_review,KP-CR-012,고촌읍 방범 CCTV-2,경기 김포시 고촌읍 아라육로,김포,Gimpo-Local,review_needed,37.6031,126.7623,37.604513,126.762453,202540900000802865,도시안전정보센터,생활방범,경기도 김포시 고촌읍 풍곡리 228-1 (새한솔어린이집),158,171,4,semi_auto_review,true,false,"반자동 검토 대기 (mng=202540900000802865, score=171, dist=158m)"
P2_manual_review,KP-CR-047,북변동 방범 CCTV-1,경기 김포시 북변동 북변로 45,김포,Gimpo-Local,review_needed,37.6195,126.7198,37.620798,126.718482,202540900000803274,도시안전정보센터,생활방범,"경기도 김포시 북변동 814(풍년마을,김포고)",185,171,3,semi_auto_review,true,false,"반자동 검토 대기 (mng=202540900000803274, score=171, dist=185m)"
P2_manual_review,KP-CR-048,북변동 방범 CCTV-2,경기 김포시 북변동 북변로 45,김포,Gimpo-Local,review_needed,37.6195,126.7198,37.620798,126.718482,202540900000803274,도시안전정보센터,생활방범,"경기도 김포시 북변동 814(풍년마을,김포고)",185,171,3,semi_auto_review,true,false,"반자동 검토 대기 (mng=202540900000803274, score=171, dist=185m)"
P2_manual_review,IC-CR-091,계양구 효성동 방범 CCTV-1,인천 계양구 효성동 효성로 80,인천,Incheon-Local,review_needed,37.5318,126.7198,37.530807,126.721758,202535500000800239,인천광역시 계양구청,생활방범,인천광역시 계양구 작전동 봉오대로 657,205,171,3,semi_auto_review,true,false,"반자동 검토 대기 (mng=202535500000800239, score=171, dist=205m)"
P2_manual_review,IC-CR-092,계양구 효성동 방범 CCTV-2,인천 계양구 효성동 효성로 80,인천,Incheon-Local,review_needed,37.5318,126.7198,37.530807,126.721758,202535500000800239,인천광역시 계양구청,생활방범,인천광역시 계양구 작전동 봉오대로 657,205,171,3,semi_auto_review,true,false,"반자동 검토 대기 (mng=202535500000800239, score=171, dist=205m)"
P2_manual_review,IC-CR-093,계양구 효성동 방범 CCTV-3,인천 계양구 효성동 효성로 80,인천,Incheon-Local,review_needed,37.5318,126.7198,37.530807,126.721758,202535500000800239,인천광역시 계양구청,생활방범,인천광역시 계양구 작전동 봉오대로 657,205,171,3,semi_auto_review,true,false,"반자동 검토 대기 (mng=202535500000800239, score=171, dist=205m)"
P2_manual_review,IC-CR-064,남동구 구월동 방범 CCTV-1,인천 남동구 구월동 예술로 200,인천,Incheon-Local,review_needed,37.4563,126.7052,37.458208,126.704423,202535300000801110,인천광역시 남동구청,생활방범,인천광역시 남동구 예술로268번길 40,223,171,3,semi_auto_review,true,false,"반자동 검토 대기 (mng=202535300000801110, score=171, dist=223m)"
P2_manual_review,IC-CR-065,남동구 구월동 방범 CCTV-2,인천 남동구 구월동 예술로 200,인천,Incheon-Local,review_needed,37.4563,126.7052,37.458208,126.704423,202535300000801110,인천광역시 남동구청,생활방범,인천광역시 남동구 예술로268번길 40,223,171,3,semi_auto_review,true,false,"반자동 검토 대기 (mng=202535300000801110, score=171, dist=223m)"
P2_manual_review,IC-CR-066,남동구 구월동 방범 CCTV-3,인천 남동구 구월동 예술로 200,인천,Incheon-Local,review_needed,37.4563,126.7052,37.458208,126.704423,202535300000801110,인천광역시 남동구청,생활방범,인천광역시 남동구 예술로268번길 40,223,171,3,semi_auto_review,true,false,"반자동 검토 대기 (mng=202535300000801110, score=171, dist=223m)"
P2_manual_review,IC-CR-067,남동구 간석동 방범 CCTV-1,인천 남동구 간석동 인주대로 80,인천,Incheon-Local,review_needed,37.4721,126.7085,37.473015,126.710853,202535300000801361,인천광역시 남동구청,생활방범,인천광역시 남동구 경인로742번길 73,231,171,3,semi_auto_review,true,false,"반자동 검토 대기 (mng=202535300000801361, score=171, dist=231m)"
P2_manual_review,IC-CR-068,남동구 간석동 방범 CCTV-2,인천 남동구 간석동 인주대로 80,인천,Incheon-Local,review_needed,37.4721,126.7085,37.473015,126.710853,202535300000801361,인천광역시 남동구청,생활방범,인천광역시 남동구 경인로742번길 73,231,171,3,semi_auto_review,true,false,"반자동 검토 대기 (mng=202535300000801361, score=171, dist=231m)"
P2_manual_review,IC-CR-069,남동구 간석동 방범 CCTV-3,인천 남동구 간석동 인주대로 80,인천,Incheon-Local,review_needed,37.4721,126.7085,37.473015,126.710853,202535300000801361,인천광역시 남동구청,생활방범,인천광역시 남동구 경인로742번길 73,231,171,3,semi_auto_review,true,false,"반자동 검토 대기 (mng=202535300000801361, score=171, dist=231m)"
P2_manual_review,IC-CR-019,부평구 삼산동 방범 CCTV-1,인천 부평구 삼산동 삼산로 90,인천,Incheon-Local,review_needed,37.5145,126.7312,37.516054,126.733172,202435400000802641,인천광역시 부평구청,생활방범,인천광역시 부평구,245,171,4,semi_auto_review,true,false,"반자동 검토 대기 (mng=202435400000802641, score=171, dist=245m)"
P2_manual_review,IC-CR-020,부평구 삼산동 방범 CCTV-2,인천 부평구 삼산동 삼산로 90,인천,Incheon-Local,review_needed,37.5145,126.7312,37.516054,126.733172,202435400000802641,인천광역시 부평구청,생활방범,인천광역시 부평구,245,171,4,semi_auto_review,true,false,"반자동 검토 대기 (mng=202435400000802641, score=171, dist=245m)"
P2_manual_review,IC-CR-021,부평구 삼산동 방범 CCTV-3,인천 부평구 삼산동 삼산로 90,인천,Incheon-Local,review_needed,37.5145,126.7312,37.516054,126.733172,202435400000802641,인천광역시 부평구청,생활방범,인천광역시 부평구,245,171,4,semi_auto_review,true,false,"반자동 검토 대기 (mng=202435400000802641, score=171, dist=245m)"
P2_manual_review,IC-CR-112,서구 신현동 방범 CCTV-1,인천 서구 신현동 신현로 45,인천,Incheon-Local,review_needed,37.5212,126.6651,37.5195861,126.6670822,202535600000801948,인천광역시 서구청,생활방범,인천광역시 서구 새오개로 106-10,251,171,3,semi_auto_review,true,false,"반자동 검토 대기 (mng=202535600000801948, score=171, dist=251m)"
P2_manual_review,IC-CR-113,서구 신현동 방범 CCTV-2,인천 서구 신현동 신현로 45,인천,Incheon-Local,review_needed,37.5212,126.6651,37.5195861,126.6670822,202535600000801948,인천광역시 서구청,생활방범,인천광역시 서구 새오개로 106-10,251,171,3,semi_auto_review,true,false,"반자동 검토 대기 (mng=202535600000801948, score=171, dist=251m)"
P2_manual_review,IC-CR-114,서구 신현동 방범 CCTV-3,인천 서구 신현동 신현로 45,인천,Incheon-Local,review_needed,37.5212,126.6651,37.5195861,126.6670822,202535600000801948,인천광역시 서구청,생활방범,인천광역시 서구 새오개로 106-10,251,171,3,semi_auto_review,true,false,"반자동 검토 대기 (mng=202535600000801948, score=171, dist=251m)"
P2_manual_review,IC-CR-109,서구 석남동 방범 CCTV-1,인천 서구 석남동 석남로 70,인천,Incheon-Local,review_needed,37.5122,126.6851,37.5127212,126.68222,202535600000800919,인천광역시 서구청,생활방범,인천광역시 서구 서달로116번길 36-30,261,171,3,semi_auto_review,true,false,"반자동 검토 대기 (mng=202535600000800919, score=171, dist=261m)"
P2_manual_review,IC-CR-110,서구 석남동 방범 CCTV-2,인천 서구 석남동 석남로 70,인천,Incheon-Local,review_needed,37.5122,126.6851,37.5127212,126.68222,202535600000800919,인천광역시 서구청,생활방범,인천광역시 서구 서달로116번길 36-30,261,171,3,semi_auto_review,true,false,"반자동 검토 대기 (mng=202535600000800919, score=171, dist=261m)"
P2_manual_review,IC-CR-111,서구 석남동 방범 CCTV-3,인천 서구 석남동 석남로 70,인천,Incheon-Local,review_needed,37.5122,126.6851,37.5127212,126.68222,202535600000800919,인천광역시 서구청,생활방범,인천광역시 서구 서달로116번길 36-30,261,171,3,semi_auto_review,true,false,"반자동 검토 대기 (mng=202535600000800919, score=171, dist=261m)"
P3_manual_review,KP-CR-023,구래동 방범 CCTV-1,경기 김포시 구래동 하성로 60,김포,Gimpo-Local,review_needed,37.6389,126.6721,37.638874,126.671929,202540900000803041,도시안전정보센터,생활방범,경기도 김포시 장기동 2065-1 (우남퍼스트빌아파트 514동 인근),15,167,5,semi_auto_review,true,false,"반자동 검토 대기 (mng=202540900000803041, score=167, dist=15m)"
P3_manual_review,KP-CR-024,구래동 방범 CCTV-2,경기 김포시 구래동 하성로 60,김포,Gimpo-Local,review_needed,37.6389,126.6721,37.638874,126.671929,202540900000803041,도시안전정보센터,생활방범,경기도 김포시 장기동 2065-1 (우남퍼스트빌아파트 514동 인근),15,167,5,semi_auto_review,true,false,"반자동 검토 대기 (mng=202540900000803041, score=167, dist=15m)"
P3_manual_review,IC-CR-010,부평구 청천동 방범 CCTV-1,인천 부평구 청천동 청천로 45,인천,Incheon-Local,review_needed,37.5249,126.7198,37.52534,126.720336,202535500000800243,인천광역시 계양구청,생활방범,인천광역시 계양구 아나지로 254,68,167,3,semi_auto_review,true,false,"반자동 검토 대기 (mng=202535500000800243, score=167, dist=68m)"
P3_manual_review,IC-CR-011,부평구 청천동 방범 CCTV-2,인천 부평구 청천동 청천로 45,인천,Incheon-Local,review_needed,37.5249,126.7198,37.52534,126.720336,202535500000800243,인천광역시 계양구청,생활방범,인천광역시 계양구 아나지로 254,68,167,3,semi_auto_review,true,false,"반자동 검토 대기 (mng=202535500000800243, score=167, dist=68m)"
P3_manual_review,IC-CR-012,부평구 청천동 방범 CCTV-3,인천 부평구 청천동 청천로 45,인천,Incheon-Local,review_needed,37.5249,126.7198,37.52534,126.720336,202535500000800243,인천광역시 계양구청,생활방범,인천광역시 계양구 아나지로 254,68,167,3,semi_auto_review,true,false,"반자동 검토 대기 (mng=202535500000800243, score=167, dist=68m)"
P3_manual_review,IC-CR-007,부평구 산곡동 방범 CCTV-1,인천 부평구 산곡동 산곡로 120,인천,Incheon-Local,review_needed,37.5188,126.7152,37.5183172,126.7159101,202435400000801780,인천광역시 부평구청,생활방범,인천광역시 부평구 새벌로 14,82,169,1,semi_auto_review,true,false,"반자동 검토 대기 (mng=202435400000801780, score=169, dist=82m)"
P3_manual_review,IC-CR-008,부평구 산곡동 방범 CCTV-2,인천 부평구 산곡동 산곡로 120,인천,Incheon-Local,review_needed,37.5188,126.7152,37.5183172,126.7159101,202435400000801780,인천광역시 부평구청,생활방범,인천광역시 부평구 새벌로 14,82,169,1,semi_auto_review,true,false,"반자동 검토 대기 (mng=202435400000801780, score=169, dist=82m)"
P3_manual_review,IC-CR-009,부평구 산곡동 방범 CCTV-3,인천 부평구 산곡동 산곡로 120,인천,Incheon-Local,review_needed,37.5188,126.7152,37.5183172,126.7159101,202435400000801780,인천광역시 부평구청,생활방범,인천광역시 부평구 새벌로 14,82,169,1,semi_auto_review,true,false,"반자동 검토 대기 (mng=202435400000801780, score=169, dist=82m)"
P3_manual_review,IC-CR-145,연수구 미추홀 방범 CCTV-1,인천 연수구 연수동 연수로 200,인천,Incheon-Local,review_needed,37.4152,126.671,37.41507,126.672,202535200000800757,인천광역시 연수구,생활방범,인천광역시 연수구 동곡재로 34,89,164,1,semi_auto_review,true,false,"반자동 검토 대기 (mng=202535200000800757, score=164, dist=89m)"
P3_manual_review,IC-CR-146,연수구 미추홀 방범 CCTV-2,인천 연수구 연수동 연수로 200,인천,Incheon-Local,review_needed,37.4152,126.671,37.41507,126.672,202535200000800757,인천광역시 연수구,생활방범,인천광역시 연수구 동곡재로 34,89,164,1,semi_auto_review,true,false,"반자동 검토 대기 (mng=202535200000800757, score=164, dist=89m)"
P3_manual_review,IC-CR-147,연수구 미추홀 방범 CCTV-3,인천 연수구 연수동 연수로 200,인천,Incheon-Local,review_needed,37.4152,126.671,37.41507,126.672,202535200000800757,인천광역시 연수구,생활방범,인천광역시 연수구 동곡재로 34,89,164,1,semi_auto_review,true,false,"반자동 검토 대기 (mng=202535200000800757, score=164, dist=89m)"
P3_manual_review,IC-CR-052,연수구 연수동 방범 CCTV-1,인천 연수구 연수동 연수로 120,인천,Incheon-Local,review_needed,37.4185,126.6698,37.41921,126.6703,202535200000801316,인천광역시 연수구,생활방범,인천광역시 연수구 청능대로23번길 30,90,164,1,semi_auto_review,true,false,"반자동 검토 대기 (mng=202535200000801316, score=164, dist=90m)"
P3_manual_review,IC-CR-053,연수구 연수동 방범 CCTV-2,인천 연수구 연수동 연수로 120,인천,Incheon-Local,review_needed,37.4185,126.6698,37.41921,126.6703,202535200000801316,인천광역시 연수구,생활방범,인천광역시 연수구 청능대로23번길 30,90,164,1,semi_auto_review,true,false,"반자동 검토 대기 (mng=202535200000801316, score=164, dist=90m)"
P3_manual_review,IC-CR-054,연수구 연수동 방범 CCTV-3,인천 연수구 연수동 연수로 120,인천,Incheon-Local,review_needed,37.4185,126.6698,37.41921,126.6703,202535200000801316,인천광역시 연수구,생활방범,인천광역시 연수구 청능대로23번길 30,90,164,1,semi_auto_review,true,false,"반자동 검토 대기 (mng=202535200000801316, score=164, dist=90m)"
P3_manual_review,IC-CR-028,미추홀구 도화동 방범 CCTV-1,인천 미추홀구 도화동 도화대로 50,인천,Incheon-Local,review_needed,37.4612,126.6589,37.461,126.66,202535105000801500,인천광역시 미추홀구청,생활방범,인천광역시 미추홀구 경인로252번길 45,100,169,1,semi_auto_review,true,false,"반자동 검토 대기 (mng=202535105000801500, score=169, dist=100m)"
P3_manual_review,IC-CR-029,미추홀구 도화동 방범 CCTV-2,인천 미추홀구 도화동 도화대로 50,인천,Incheon-Local,review_needed,37.4612,126.6589,37.461,126.66,202535105000801500,인천광역시 미추홀구청,생활방범,인천광역시 미추홀구 경인로252번길 45,100,169,1,semi_auto_review,true,false,"반자동 검토 대기 (mng=202535105000801500, score=169, dist=100m)"
P3_manual_review,IC-CR-030,미추홀구 도화동 방범 CCTV-3,인천 미추홀구 도화동 도화대로 50,인천,Incheon-Local,review_needed,37.4612,126.6589,37.461,126.66,202535105000801500,인천광역시 미추홀구청,생활방범,인천광역시 미추홀구 경인로252번길 45,100,169,1,semi_auto_review,true,false,"반자동 검토 대기 (mng=202535105000801500, score=169, dist=100m)"
P3_manual_review,IC-CR-040,미추홀구 숭의동 방범 CCTV-1,인천 미추홀구 숭의동 숭의로 30,인천,Incheon-Local,review_needed,37.4672,126.6412,37.467,126.64,202535105000800046,인천광역시 미추홀구청,생활방범,인천광역시 미추홀구 석정로 94,108,169,1,semi_auto_review,true,false,"반자동 검토 대기 (mng=202535105000800046, score=169, dist=108m)"
P3_manual_review,IC-CR-041,미추홀구 숭의동 방범 CCTV-2,인천 미추홀구 숭의동 숭의로 30,인천,Incheon-Local,review_needed,37.4672,126.6412,37.467,126.64,202535105000800046,인천광역시 미추홀구청,생활방범,인천광역시 미추홀구 석정로 94,108,169,1,semi_auto_review,true,false,"반자동 검토 대기 (mng=202535105000800046, score=169, dist=108m)"
P3_manual_review,IC-CR-042,미추홀구 숭의동 방범 CCTV-3,인천 미추홀구 숭의동 숭의로 30,인천,Incheon-Local,review_needed,37.4672,126.6412,37.467,126.64,202535105000800046,인천광역시 미추홀구청,생활방범,인천광역시 미추홀구 석정로 94,108,169,1,semi_auto_review,true,false,"반자동 검토 대기 (mng=202535105000800046, score=169, dist=108m)"
P3_manual_review,IC-CR-148,서구 루원시티 방범 CCTV-1,인천 서구 루원시티대로 30,인천,Incheon-Local,review_needed,37.5045,126.6793,37.5034157,126.67959,202535600000801618,인천광역시 서구청,생활방범,인천광역시 서구 서달로20번길 12-2,123,169,1,semi_auto_review,true,false,"반자동 검토 대기 (mng=202535600000801618, score=169, dist=123m)"
P3_manual_review,IC-CR-149,서구 루원시티 방범 CCTV-2,인천 서구 루원시티대로 30,인천,Incheon-Local,review_needed,37.5045,126.6793,37.5034157,126.67959,202535600000801618,인천광역시 서구청,생활방범,인천광역시 서구 서달로20번길 12-2,123,169,1,semi_auto_review,true,false,"반자동 검토 대기 (mng=202535600000801618, score=169, dist=123m)"
P3_manual_review,IC-CR-150,서구 루원시티 방범 CCTV-3,인천 서구 루원시티대로 30,인천,Incheon-Local,review_needed,37.5045,126.6793,37.5034157,126.67959,202535600000801618,인천광역시 서구청,생활방범,인천광역시 서구 서달로20번길 12-2,123,169,1,semi_auto_review,true,false,"반자동 검토 대기 (mng=202535600000801618, score=169, dist=123m)"
P3_manual_review,IC-CR-034,미추홀구 용현동 방범 CCTV-1,인천 미추홀구 용현동 용현로 60,인천,Incheon-Local,review_needed,37.4564,126.6516,37.456,126.65,202535105000800840,인천광역시 미추홀구청,생활방범,인천광역시 미추홀구 인주대로128번길 7-10,148,169,1,semi_auto_review,true,false,"반자동 검토 대기 (mng=202535105000800840, score=169, dist=148m)"
P3_manual_review,IC-CR-035,미추홀구 용현동 방범 CCTV-2,인천 미추홀구 용현동 용현로 60,인천,Incheon-Local,review_needed,37.4564,126.6516,37.456,126.65,202535105000800840,인천광역시 미추홀구청,생활방범,인천광역시 미추홀구 인주대로128번길 7-10,148,169,1,semi_auto_review,true,false,"반자동 검토 대기 (mng=202535105000800840, score=169, dist=148m)"
P3_manual_review,IC-CR-036,미추홀구 용현동 방범 CCTV-3,인천 미추홀구 용현동 용현로 60,인천,Incheon-Local,review_needed,37.4564,126.6516,37.456,126.65,202535105000800840,인천광역시 미추홀구청,생활방범,인천광역시 미추홀구 인주대로128번길 7-10,148,169,1,semi_auto_review,true,false,"반자동 검토 대기 (mng=202535105000800840, score=169, dist=148m)"
P3_manual_review,IC-FI-023,미추홀구 소방 CCTV,인천 미추홀구 용현동 (용현119안전센터),인천,Incheon-Local,review_needed,37.4564,126.6516,37.459,126.65,202535105000800386,인천광역시 미추홀구청,재난재해,인천광역시 미추홀구 수봉로 80-42,322,151,1,semi_auto_review,true,false,"반자동 검토 대기 (mng=202535105000800386, score=151, dist=322m)"
P3_manual_review,IC-FI-019,강화군 소방 CCTV,인천 강화군 강화읍 (강화소방서),인천,Incheon-Local,review_needed,37.7468,126.4876,37.748485,126.484367,202535700000801265,인천광역시 강화군,재난재해,인천광역시 강화읍 남산리,340,160,3,semi_auto_review,true,false,"반자동 검토 대기 (mng=202535700000801265, score=160, dist=340m)"
P3_manual_review,IC-FI-012,계양구 소방 CCTV,인천 계양구 귤현동 (귤현119안전센터),인천,Incheon-Local,review_needed,37.5371,126.7382,37.538111,126.734391,202535500000800309,인천광역시 계양구청,재난재해,인천광역시 계양구 장제로 758(계양경찰서앞 지하차도-천대고가방면),354,151,1,semi_auto_review,true,false,"반자동 검토 대기 (mng=202535500000800309, score=151, dist=354m)"
P3_manual_review,KP-CR-007,풍무동 방범 CCTV-1,경기 김포시 풍무로 123,김포,Gimpo-Local,review_needed,37.6089,126.7021,37.609975,126.706239,202540900000803238,도시안전정보센터,생활방범,경기도 김포시 풍무동 67-2 (목양교회 들어가는 입구 삼거리),384,151,4,semi_auto_review,true,false,"반자동 검토 대기 (mng=202540900000803238, score=151, dist=384m)"
P3_manual_review,KP-CR-008,풍무동 방범 CCTV-2,경기 김포시 풍무로 123,김포,Gimpo-Local,review_needed,37.6089,126.7021,37.609975,126.706239,202540900000803238,도시안전정보센터,생활방범,경기도 김포시 풍무동 67-2 (목양교회 들어가는 입구 삼거리),384,151,4,semi_auto_review,true,false,"반자동 검토 대기 (mng=202540900000803238, score=151, dist=384m)"
P3_manual_review,IC-CR-073,남동구 논현동 방범 CCTV-1,인천 남동구 논현동 소래역로 120,인천,Incheon-Local,review_needed,37.435,126.7312,37.434657,126.735527,202535300000801194,인천광역시 남동구청,생활방범,인천광역시 남동구 소래로 500,384,151,3,semi_auto_review,true,false,"반자동 검토 대기 (mng=202535300000801194, score=151, dist=384m)"
P3_manual_review,IC-CR-074,남동구 논현동 방범 CCTV-2,인천 남동구 논현동 소래역로 120,인천,Incheon-Local,review_needed,37.435,126.7312,37.434657,126.735527,202535300000801194,인천광역시 남동구청,생활방범,인천광역시 남동구 소래로 500,384,151,3,semi_auto_review,true,false,"반자동 검토 대기 (mng=202535300000801194, score=151, dist=384m)"
P3_manual_review,IC-CR-075,남동구 논현동 방범 CCTV-3,인천 남동구 논현동 소래역로 120,인천,Incheon-Local,review_needed,37.435,126.7312,37.434657,126.735527,202535300000801194,인천광역시 남동구청,생활방범,인천광역시 남동구 소래로 500,384,151,3,semi_auto_review,true,false,"반자동 검토 대기 (mng=202535300000801194, score=151, dist=384m)"
P3_manual_review,KP-CR-005,사우동 방범 CCTV-1,경기 김포시 감암로 22,김포,Gimpo-Local,review_needed,37.6128,126.7198,37.61364,126.725193,202540900000803232,도시안전정보센터,생활방범,경기도 김포시 사우동 140-21 (육교 및 세차장 삼거리),484,151,5,semi_auto_review,true,false,"반자동 검토 대기 (mng=202540900000803232, score=151, dist=484m)"
P3_manual_review,KP-CR-006,사우동 방범 CCTV-2,경기 김포시 감암로 22,김포,Gimpo-Local,review_needed,37.6128,126.7198,37.61364,126.725193,202540900000803232,도시안전정보센터,생활방범,경기도 김포시 사우동 140-21 (육교 및 세차장 삼거리),484,151,5,semi_auto_review,true,false,"반자동 검토 대기 (mng=202540900000803232, score=151, dist=484m)"
P3_manual_review,KP-CR-015,장기동 방범 CCTV-1,경기 김포시 장기동 한강중앙로,김포,Gimpo-Local,review_needed,37.6315,126.6872,37.635871,126.687843,202540900000802620,도시안전정보센터,생활방범,"경기도 김포시 장기동 834-11 (옹주물 이주단지, 김포한강어린이집)",489,151,5,semi_auto_review,true,false,"반자동 검토 대기 (mng=202540900000802620, score=151, dist=489m)"
P3_manual_review,KP-CR-016,장기동 방범 CCTV-2,경기 김포시 장기동 한강중앙로,김포,Gimpo-Local,review_needed,37.6315,126.6872,37.635871,126.687843,202540900000802620,도시안전정보센터,생활방범,"경기도 김포시 장기동 834-11 (옹주물 이주단지, 김포한강어린이집)",489,151,5,semi_auto_review,true,false,"반자동 검토 대기 (mng=202540900000802620, score=151, dist=489m)"
P4_manual_review_low_confidence,KP-CR-025,구래동 방범 CCTV-1,경기 김포시 구래동 구레로 150,김포,Gimpo-Local,review_needed,37.6421,126.6755,37.642718,126.674912,202540900000803051,도시안전정보센터,생활방범,경기도 김포시 장기동 2001-1 (수로변 공연장 인근),86,142,5,semi_auto_review,true,false,"반자동 검토 대기 (mng=202540900000803051, score=142, dist=86m)"
P4_manual_review_low_confidence,KP-CR-026,구래동 방범 CCTV-2,경기 김포시 구래동 구레로 150,김포,Gimpo-Local,review_needed,37.6421,126.6755,37.642718,126.674912,202540900000803051,도시안전정보센터,생활방범,경기도 김포시 장기동 2001-1 (수로변 공연장 인근),86,142,5,semi_auto_review,true,false,"반자동 검토 대기 (mng=202540900000803051, score=142, dist=86m)"
P4_manual_review_low_confidence,KP-CR-027,마산동 방범 CCTV-1,경기 김포시 마산동 마산로 30,김포,Gimpo-Local,review_needed,37.6512,126.6801,37.652394,126.679857,202540900000802977,도시안전정보센터,생활방범,경기도 김포시 운양동 610-2 (한강신도시2차푸르지오 인근),134,142,5,semi_auto_review,true,false,"반자동 검토 대기 (mng=202540900000802977, score=142, dist=134m)"
P4_manual_review_low_confidence,KP-CR-028,마산동 방범 CCTV-2,경기 김포시 마산동 마산로 30,김포,Gimpo-Local,review_needed,37.6512,126.6801,37.652394,126.679857,202540900000802977,도시안전정보센터,생활방범,경기도 김포시 운양동 610-2 (한강신도시2차푸르지오 인근),134,142,5,semi_auto_review,true,false,"반자동 검토 대기 (mng=202540900000802977, score=142, dist=134m)"
P4_manual_review_low_confidence,IC-CR-058,연수구 동춘동 방범 CCTV-1,인천 연수구 동춘동 동춘로 70,인천,Incheon-Local,review_needed,37.4021,126.6821,37.40337,126.6813,202535200000800990,인천광역시 연수구,생활방범,인천광역시 연수구 앵고개로 345-30,158,144,1,semi_auto_review,true,false,"반자동 검토 대기 (mng=202535200000800990, score=144, dist=158m)"
P4_manual_review_low_confidence,IC-CR-059,연수구 동춘동 방범 CCTV-2,인천 연수구 동춘동 동춘로 70,인천,Incheon-Local,review_needed,37.4021,126.6821,37.40337,126.6813,202535200000800990,인천광역시 연수구,생활방범,인천광역시 연수구 앵고개로 345-30,158,144,1,semi_auto_review,true,false,"반자동 검토 대기 (mng=202535200000800990, score=144, dist=158m)"
P4_manual_review_low_confidence,IC-CR-060,연수구 동춘동 방범 CCTV-3,인천 연수구 동춘동 동춘로 70,인천,Incheon-Local,review_needed,37.4021,126.6821,37.40337,126.6813,202535200000800990,인천광역시 연수구,생활방범,인천광역시 연수구 앵고개로 345-30,158,144,1,semi_auto_review,true,false,"반자동 검토 대기 (mng=202535200000800990, score=144, dist=158m)"
P4_manual_review_low_confidence,IC-CR-037,미추홀구 관교동 방범 CCTV-1,인천 미추홀구 관교동 소성로 100,인천,Incheon-Local,review_needed,37.4512,126.6481,37.451,126.65,202535105000800592,인천광역시 미추홀구청,생활방범,인천광역시 미추홀구 인하로 67,169,149,1,semi_auto_review,true,false,"반자동 검토 대기 (mng=202535105000800592, score=149, dist=169m)"
P4_manual_review_low_confidence,IC-CR-038,미추홀구 관교동 방범 CCTV-2,인천 미추홀구 관교동 소성로 100,인천,Incheon-Local,review_needed,37.4512,126.6481,37.451,126.65,202535105000800592,인천광역시 미추홀구청,생활방범,인천광역시 미추홀구 인하로 67,169,149,1,semi_auto_review,true,false,"반자동 검토 대기 (mng=202535105000800592, score=149, dist=169m)"
P4_manual_review_low_confidence,IC-CR-039,미추홀구 관교동 방범 CCTV-3,인천 미추홀구 관교동 소성로 100,인천,Incheon-Local,review_needed,37.4512,126.6481,37.451,126.65,202535105000800592,인천광역시 미추홀구청,생활방범,인천광역시 미추홀구 인하로 67,169,149,1,semi_auto_review,true,false,"반자동 검토 대기 (mng=202535105000800592, score=149, dist=169m)"
P4_manual_review_low_confidence,IC-CR-049,연수구 청학동 방범 CCTV-1,인천 연수구 청학동 청학로 28,인천,Incheon-Local,review_needed,37.4103,126.6786,37.41218,126.6797,202535200000800397,인천광역시 연수구,생활방범,인천광역시 연수구 샘말로30번길 20,231,144,1,semi_auto_review,true,false,"반자동 검토 대기 (mng=202535200000800397, score=144, dist=231m)"
P4_manual_review_low_confidence,IC-CR-050,연수구 청학동 방범 CCTV-2,인천 연수구 청학동 청학로 28,인천,Incheon-Local,review_needed,37.4103,126.6786,37.41218,126.6797,202535200000800397,인천광역시 연수구,생활방범,인천광역시 연수구 샘말로30번길 20,231,144,1,semi_auto_review,true,false,"반자동 검토 대기 (mng=202535200000800397, score=144, dist=231m)"
P4_manual_review_low_confidence,IC-CR-051,연수구 청학동 방범 CCTV-3,인천 연수구 청학동 청학로 28,인천,Incheon-Local,review_needed,37.4103,126.6786,37.41218,126.6797,202535200000800397,인천광역시 연수구,생활방범,인천광역시 연수구 샘말로30번길 20,231,144,1,semi_auto_review,true,false,"반자동 검토 대기 (mng=202535200000800397, score=144, dist=231m)"
P4_manual_review_low_confidence,IC-CR-055,연수구 옥련동 방범 CCTV-1,인천 연수구 옥련동 옥련로 55,인천,Incheon-Local,review_needed,37.4231,126.6612,37.42524,126.6607,202535200000800517,인천광역시 연수구,생활방범,인천광역시 연수구 비류대로232번길 50,242,144,1,semi_auto_review,true,false,"반자동 검토 대기 (mng=202535200000800517, score=144, dist=242m)"
P4_manual_review_low_confidence,IC-CR-056,연수구 옥련동 방범 CCTV-2,인천 연수구 옥련동 옥련로 55,인천,Incheon-Local,review_needed,37.4231,126.6612,37.42524,126.6607,202535200000800517,인천광역시 연수구,생활방범,인천광역시 연수구 비류대로232번길 50,242,144,1,semi_auto_review,true,false,"반자동 검토 대기 (mng=202535200000800517, score=144, dist=242m)"
P4_manual_review_low_confidence,IC-CR-057,연수구 옥련동 방범 CCTV-3,인천 연수구 옥련동 옥련로 55,인천,Incheon-Local,review_needed,37.4231,126.6612,37.42524,126.6607,202535200000800517,인천광역시 연수구,생활방범,인천광역시 연수구 비류대로232번길 50,242,144,1,semi_auto_review,true,false,"반자동 검토 대기 (mng=202535200000800517, score=144, dist=242m)"
P4_manual_review_low_confidence,IC-CR-025,미추홀구 주안동 방범 CCTV-1,인천 미추홀구 주안동 경인로 80,인천,Incheon-Local,review_needed,37.4698,126.6728,37.47,126.67,202535105000802431,인천광역시 미추홀구청,생활방범,인천광역시 미추홀구 길파로41번길 79,248,149,1,semi_auto_review,true,false,"반자동 검토 대기 (mng=202535105000802431, score=149, dist=248m)"
P4_manual_review_low_confidence,IC-CR-026,미추홀구 주안동 방범 CCTV-2,인천 미추홀구 주안동 경인로 80,인천,Incheon-Local,review_needed,37.4698,126.6728,37.47,126.67,202535105000802431,인천광역시 미추홀구청,생활방범,인천광역시 미추홀구 길파로41번길 79,248,149,1,semi_auto_review,true,false,"반자동 검토 대기 (mng=202535105000802431, score=149, dist=248m)"
P4_manual_review_low_confidence,IC-CR-027,미추홀구 주안동 방범 CCTV-3,인천 미추홀구 주안동 경인로 80,인천,Incheon-Local,review_needed,37.4698,126.6728,37.47,126.67,202535105000802431,인천광역시 미추홀구청,생활방범,인천광역시 미추홀구 길파로41번길 79,248,149,1,semi_auto_review,true,false,"반자동 검토 대기 (mng=202535105000802431, score=149, dist=248m)"
P4_manual_review_low_confidence,IC-CR-031,미추홀구 학익동 방범 CCTV-1,인천 미추홀구 학익동 학익로 40,인천,Incheon-Local,review_needed,37.4421,126.6631,37.442,126.66,202535105000801297,인천광역시 미추홀구청,생활방범,인천광역시 미추홀구 한나루로404번길 23,274,149,1,semi_auto_review,true,false,"반자동 검토 대기 (mng=202535105000801297, score=149, dist=274m)"
P4_manual_review_low_confidence,IC-CR-032,미추홀구 학익동 방범 CCTV-2,인천 미추홀구 학익동 학익로 40,인천,Incheon-Local,review_needed,37.4421,126.6631,37.442,126.66,202535105000801297,인천광역시 미추홀구청,생활방범,인천광역시 미추홀구 한나루로404번길 23,274,149,1,semi_auto_review,true,false,"반자동 검토 대기 (mng=202535105000801297, score=149, dist=274m)"
P4_manual_review_low_confidence,IC-CR-033,미추홀구 학익동 방범 CCTV-3,인천 미추홀구 학익동 학익로 40,인천,Incheon-Local,review_needed,37.4421,126.6631,37.442,126.66,202535105000801297,인천광역시 미추홀구청,생활방범,인천광역시 미추홀구 한나루로404번길 23,274,149,1,semi_auto_review,true,false,"반자동 검토 대기 (mng=202535105000801297, score=149, dist=274m)"
P4_manual_review_low_confidence,IC-CR-061,연수구 선학동 방범 CCTV-1,인천 연수구 선학동 선학로 45,인천,Incheon-Local,review_needed,37.4281,126.6751,37.42581,126.6733,202535200000800369,인천광역시 연수구,생활방범,인천광역시 연수구 비류대로347번길 19,300,144,1,semi_auto_review,true,false,"반자동 검토 대기 (mng=202535200000800369, score=144, dist=300m)"
P4_manual_review_low_confidence,IC-CR-062,연수구 선학동 방범 CCTV-2,인천 연수구 선학동 선학로 45,인천,Incheon-Local,review_needed,37.4281,126.6751,37.42581,126.6733,202535200000800369,인천광역시 연수구,생활방범,인천광역시 연수구 비류대로347번길 19,300,144,1,semi_auto_review,true,false,"반자동 검토 대기 (mng=202535200000800369, score=144, dist=300m)"
P4_manual_review_low_confidence,IC-CR-063,연수구 선학동 방범 CCTV-3,인천 연수구 선학동 선학로 45,인천,Incheon-Local,review_needed,37.4281,126.6751,37.42581,126.6733,202535200000800369,인천광역시 연수구,생활방범,인천광역시 연수구 비류대로347번길 19,300,144,1,semi_auto_review,true,false,"반자동 검토 대기 (mng=202535200000800369, score=144, dist=300m)"
P4_manual_review_low_confidence,KP-CR-017,장기동 방범 CCTV-1,경기 김포시 장기동 장기로 200,김포,Gimpo-Local,review_needed,37.6289,126.6921,37.630857,126.694497,202540900000803100,도시안전정보센터,생활방범,경기도 김포시 감정동 178,303,102,4,semi_auto_review,true,false,"반자동 검토 대기 (mng=202540900000803100, score=102, dist=303m)"
P4_manual_review_low_confidence,KP-CR-018,장기동 방범 CCTV-2,경기 김포시 장기동 장기로 200,김포,Gimpo-Local,review_needed,37.6289,126.6921,37.630857,126.694497,202540900000803100,도시안전정보센터,생활방범,경기도 김포시 감정동 178,303,102,4,semi_auto_review,true,false,"반자동 검토 대기 (mng=202540900000803100, score=102, dist=303m)"
P4_manual_review_low_confidence,KP-CR-041,월곶면 방범 CCTV-1,경기 김포시 월곶면 염하로 55,김포,Gimpo-Local,review_needed,37.7155,126.6153,37.71852,126.61356,202540900000803644,도시안전정보센터,생활방범,경기도 김포시 통진읍 귀전리 350-6(귀전리 마을 초입),369,102,5,semi_auto_review,true,false,"반자동 검토 대기 (mng=202540900000803644, score=102, dist=369m)"
P4_manual_review_low_confidence,KP-CR-042,월곶면 방범 CCTV-2,경기 김포시 월곶면 염하로 55,김포,Gimpo-Local,review_needed,37.7155,126.6153,37.71852,126.61356,202540900000803644,도시안전정보센터,생활방범,경기도 김포시 통진읍 귀전리 350-6(귀전리 마을 초입),369,102,5,semi_auto_review,true,false,"반자동 검토 대기 (mng=202540900000803644, score=102, dist=369m)"
P4_manual_review_low_confidence,KP-CR-035,통진읍 방범 CCTV-1,경기 김포시 통진읍 도사로 100,김포,Gimpo-Local,review_needed,37.6778,126.6423,37.675984,126.646679,202540900000803460,도시안전정보센터,생활방범,경기도 김포시 양촌읍 누산리 1082(누산리정류소 인근),435,102,5,semi_auto_review,true,false,"반자동 검토 대기 (mng=202540900000803460, score=102, dist=435m)"
P4_manual_review_low_confidence,KP-CR-036,통진읍 방범 CCTV-2,경기 김포시 통진읍 도사로 100,김포,Gimpo-Local,review_needed,37.6778,126.6423,37.675984,126.646679,202540900000803460,도시안전정보센터,생활방범,경기도 김포시 양촌읍 누산리 1082(누산리정류소 인근),435,102,5,semi_auto_review,true,false,"반자동 검토 대기 (mng=202540900000803460, score=102, dist=435m)"
P4_manual_review_low_confidence,IC-FI-029,부평구 소방 CCTV,인천 부평구 효성동 (효성119안전센터),인천,Incheon-Local,review_needed,37.5318,126.7198,37.534239,126.715411,202535500000801154,인천광역시 계양구청,재난재해,인천광역시 계양구 효성동 산 7-2 단비교회 등산로,473,116,2,semi_auto_review,true,false,"반자동 검토 대기 (mng=202535500000801154, score=116, dist=473m)"
P4_manual_review_low_confidence,IC-FI-011,계양구 소방 CCTV,인천 계양구 계양대로 (계양소방서),인천,Incheon-Local,review_needed,37.5421,126.7312,37.538397,126.734506,202535500000800433,인천광역시 계양구청,재난재해,인천광역시 계양구 계산새로 61,504,126,1,semi_auto_review,true,false,"반자동 검토 대기 (mng=202535500000800433, score=126, dist=504m)"
P4_manual_review_low_confidence,IC-FI-025,서구 소방 CCTV,인천 서구 당하동 (검단2119안전센터),인천,Incheon-Local,review_needed,37.552,126.705,37.547204,126.70765,202535500000801159,인천광역시 계양구청,재난재해,인천광역시 서구 공촌동 산163-3 계양산 생태통로 등산로,582,126,2,semi_auto_review,true,false,"반자동 검토 대기 (mng=202535500000801159, score=126, dist=582m)"
P4_manual_review_low_confidence,IC-FI-002,부평구 소방 CCTV,인천 부평구 산곡동 (산곡119안전센터),인천,Incheon-Local,review_needed,37.5188,126.7152,37.524024,126.716465,202535500000800197,인천광역시 계양구청,재난재해,인천광역시 계양구 새벌로 84,591,77,2,semi_auto_review,true,false,"반자동 검토 대기 (mng=202535500000800197, score=77, dist=591m)"
P4_manual_review_low_confidence,IC-FI-007,연수구 소방 CCTV,인천 연수구 동춘동 (동춘119안전센터),인천,Incheon-Local,review_needed,37.4021,126.6821,37.40677,126.6856,202535200000801910,인천광역시 연수구,재난재해,인천광역시 연수구 함박안로 27,604,121,1,semi_auto_review,true,false,"반자동 검토 대기 (mng=202535200000801910, score=121, dist=604m)"
P4_manual_review_low_confidence,IC-FI-024,계양구 소방 CCTV,인천 계양구 임학동 (임학119안전센터),인천,Incheon-Local,review_needed,37.538,126.7421,37.542829,126.738597,202535500000800780,인천광역시 계양구청,재난재해,인천광역시 계양구 경명대로(임학지하차도_펌프장),619,126,1,semi_auto_review,true,false,"반자동 검토 대기 (mng=202535500000800780, score=126, dist=619m)"
P4_manual_review_low_confidence,KP-CR-039,대곶면 방범 CCTV-1,경기 김포시 대곶면 대곶로 200,김포,Gimpo-Local,review_needed,37.6507,126.5724,37.656371,126.571287,202540900000803698,도시안전정보센터,생활방범,경기도 김포시 대곶면 송마리 91-1(공장 인근),638,126,4,semi_auto_review,true,false,"반자동 검토 대기 (mng=202540900000803698, score=126, dist=638m)"
P4_manual_review_low_confidence,KP-CR-040,대곶면 방범 CCTV-2,경기 김포시 대곶면 대곶로 200,김포,Gimpo-Local,review_needed,37.6507,126.5724,37.656371,126.571287,202540900000803698,도시안전정보센터,생활방범,경기도 김포시 대곶면 송마리 91-1(공장 인근),638,126,4,semi_auto_review,true,false,"반자동 검토 대기 (mng=202540900000803698, score=126, dist=638m)"
P4_manual_review_low_confidence,KP-CR-049,감정동 방범 CCTV-1,경기 김포시 감정동 감정로 20,김포,Gimpo-Local,review_needed,37.6145,126.695,37.615574,126.702189,202540900000803148,도시안전정보센터,생활방범,경기도 김포시 감정동 산90 [감정제2공원(김포20호)],644,126,4,semi_auto_review,true,false,"반자동 검토 대기 (mng=202540900000803148, score=126, dist=644m)"
P4_manual_review_low_confidence,KP-CR-050,감정동 방범 CCTV-2,경기 김포시 감정동 감정로 20,김포,Gimpo-Local,review_needed,37.6145,126.695,37.615574,126.702189,202540900000803148,도시안전정보센터,생활방범,경기도 김포시 감정동 산90 [감정제2공원(김포20호)],644,126,4,semi_auto_review,true,false,"반자동 검토 대기 (mng=202540900000803148, score=126, dist=644m)"
P4_manual_review_low_confidence,IC-CR-082,남동구 서창동 방범 CCTV-1,인천 남동구 서창동 서창동로 60,인천,Incheon-Local,review_needed,37.4389,126.6985,37.443802,126.702864,202535300000801249,인천광역시 남동구청,생활방범,인천광역시 남동구 인하로507번길 9,667,126,5,semi_auto_review,true,false,"반자동 검토 대기 (mng=202535300000801249, score=126, dist=667m)"
P4_manual_review_low_confidence,IC-CR-083,남동구 서창동 방범 CCTV-2,인천 남동구 서창동 서창동로 60,인천,Incheon-Local,review_needed,37.4389,126.6985,37.443802,126.702864,202535300000801249,인천광역시 남동구청,생활방범,인천광역시 남동구 인하로507번길 9,667,126,5,semi_auto_review,true,false,"반자동 검토 대기 (mng=202535300000801249, score=126, dist=667m)"
P4_manual_review_low_confidence,IC-CR-084,남동구 서창동 방범 CCTV-3,인천 남동구 서창동 서창동로 60,인천,Incheon-Local,review_needed,37.4389,126.6985,37.443802,126.702864,202535300000801249,인천광역시 남동구청,생활방범,인천광역시 남동구 인하로507번길 9,667,126,5,semi_auto_review,true,false,"반자동 검토 대기 (mng=202535300000801249, score=126, dist=667m)"
P4_manual_review_low_confidence,IC-FI-003,미추홀구 소방 CCTV,인천 미추홀구 주안동 (주안119안전센터),인천,Incheon-Local,review_needed,37.4698,126.6728,37.464,126.67,202535105000801883,인천광역시 미추홀구청,재난재해,인천광역시 미추홀구 주안로 89,691,126,1,semi_auto_review,true,false,"반자동 검토 대기 (mng=202535105000801883, score=126, dist=691m)"
P4_manual_review_low_confidence,IC-FI-004,미추홀구 소방 CCTV,인천 미추홀구 학익동 (학익119안전센터),인천,Incheon-Local,review_needed,37.4421,126.6631,37.447,126.67,202535105000802686,인천광역시 미추홀구청,재난재해,인천광역시 미추홀구 도로명주소 없음,817,126,1,semi_auto_review,true,false,"반자동 검토 대기 (mng=202535105000802686, score=126, dist=817m)"
P4_manual_review_low_confidence,IC-CR-076,남동구 소래포구 방범 CCTV-1,인천 남동구 소래동 소래포구로 30,인천,Incheon-Local,review_needed,37.4231,126.7421,37.42211,126.751305,202535300000801242,인천광역시 남동구청,생활방범,인천광역시 남동구 서창남로 17,820,126,3,semi_auto_review,true,false,"반자동 검토 대기 (mng=202535300000801242, score=126, dist=820m)"
P4_manual_review_low_confidence,IC-CR-077,남동구 소래포구 방범 CCTV-2,인천 남동구 소래동 소래포구로 30,인천,Incheon-Local,review_needed,37.4231,126.7421,37.42211,126.751305,202535300000801242,인천광역시 남동구청,생활방범,인천광역시 남동구 서창남로 17,820,126,3,semi_auto_review,true,false,"반자동 검토 대기 (mng=202535300000801242, score=126, dist=820m)"
P4_manual_review_low_confidence,IC-CR-078,남동구 소래포구 방범 CCTV-3,인천 남동구 소래동 소래포구로 30,인천,Incheon-Local,review_needed,37.4231,126.7421,37.42211,126.751305,202535300000801242,인천광역시 남동구청,생활방범,인천광역시 남동구 서창남로 17,820,126,3,semi_auto_review,true,false,"반자동 검토 대기 (mng=202535300000801242, score=126, dist=820m)"
P4_manual_review_low_confidence,KP-CR-037,통진읍 방범 CCTV-1,경기 김포시 통진읍 통진대로 70,김포,Gimpo-Local,review_needed,37.6821,126.638,37.680252,126.628876,202540900000803387,도시안전정보센터,생활방범,경기도 김포시 통진읍 수참리 208-9번지(수참2리마을)-사유지(01052868476),829,126,4,semi_auto_review,true,false,"반자동 검토 대기 (mng=202540900000803387, score=126, dist=829m)"
P4_manual_review_low_confidence,KP-CR-038,통진읍 방범 CCTV-2,경기 김포시 통진읍 통진대로 70,김포,Gimpo-Local,review_needed,37.6821,126.638,37.680252,126.628876,202540900000803387,도시안전정보센터,생활방범,경기도 김포시 통진읍 수참리 208-9번지(수참2리마을)-사유지(01052868476),829,126,4,semi_auto_review,true,false,"반자동 검토 대기 (mng=202540900000803387, score=126, dist=829m)"
P4_manual_review_low_confidence,KP-CR-019,운양동 방범 CCTV-1,경기 김포시 운양동 한강로 100,김포,Gimpo-Local,review_needed,37.6231,126.6805,37.631125,126.682094,202540900000803132,도시안전정보센터,생활방범,경기도 김포시 감정동 100-3 (하늘구멍어린이집),903,91,4,semi_auto_review,true,false,"반자동 검토 대기 (mng=202540900000803132, score=91, dist=903m)"
P4_manual_review_low_confidence,KP-CR-020,운양동 방범 CCTV-2,경기 김포시 운양동 한강로 100,김포,Gimpo-Local,review_needed,37.6231,126.6805,37.631125,126.682094,202540900000803132,도시안전정보센터,생활방범,경기도 김포시 감정동 100-3 (하늘구멍어린이집),903,91,4,semi_auto_review,true,false,"반자동 검토 대기 (mng=202540900000803132, score=91, dist=903m)"
P4_manual_review_low_confidence,KP-CR-029,양촌읍 방범 CCTV-1,경기 김포시 양촌읍 양곡로 50,김포,Gimpo-Local,review_needed,37.5978,126.6247,37.6058843,126.621673,202540900000803857,도시안전정보센터,차량방범,경기도 김포시 양촌읍 대포리 322-127(검단양촌IC) 인천방향,938,126,3,semi_auto_review,true,false,"반자동 검토 대기 (mng=202540900000803857, score=126, dist=938m)"
P4_manual_review_low_confidence,KP-CR-030,양촌읍 방범 CCTV-2,경기 김포시 양촌읍 양곡로 50,김포,Gimpo-Local,review_needed,37.5978,126.6247,37.6058843,126.621673,202540900000803857,도시안전정보센터,차량방범,경기도 김포시 양촌읍 대포리 322-127(검단양촌IC) 인천방향,938,126,3,semi_auto_review,true,false,"반자동 검토 대기 (mng=202540900000803857, score=126, dist=938m)"
P4_manual_review_low_confidence,KP-CR-033,양촌읍 방범 CCTV-1,경기 김포시 양촌읍 누산리로,김포,Gimpo-Local,review_needed,37.6003,126.6312,37.6091,126.62649,202540900000803630,도시안전정보센터,생활방범,경기도 김포시 양촌읍 대포리 244-10(대포일반산업단지 #2),1063,101,5,semi_auto_review,true,false,"반자동 검토 대기 (mng=202540900000803630, score=101, dist=1063m)"
P4_manual_review_low_confidence,KP-CR-034,양촌읍 방범 CCTV-2,경기 김포시 양촌읍 누산리로,김포,Gimpo-Local,review_needed,37.6003,126.6312,37.6091,126.62649,202540900000803630,도시안전정보센터,생활방범,경기도 김포시 양촌읍 대포리 244-10(대포일반산업단지 #2),1063,101,5,semi_auto_review,true,false,"반자동 검토 대기 (mng=202540900000803630, score=101, dist=1063m)"
P4_manual_review_low_confidence,IC-CR-103,서구 검단동 방범 CCTV-1,인천 서구 검단동 검단로 150,인천,Incheon-Local,review_needed,37.5698,126.6932,37.5794708,126.687,202535600000800240,인천광역시 서구청,생활방범,인천광역시 서구 검단로 744번4길 19-2,1206,115,3,semi_auto_review,true,false,"반자동 검토 대기 (mng=202535600000800240, score=115, dist=1206m)"
P4_manual_review_low_confidence,IC-CR-104,서구 검단동 방범 CCTV-2,인천 서구 검단동 검단로 150,인천,Incheon-Local,review_needed,37.5698,126.6932,37.5794708,126.687,202535600000800240,인천광역시 서구청,생활방범,인천광역시 서구 검단로 744번4길 19-2,1206,115,3,semi_auto_review,true,false,"반자동 검토 대기 (mng=202535600000800240, score=115, dist=1206m)"
P4_manual_review_low_confidence,IC-CR-105,서구 검단동 방범 CCTV-3,인천 서구 검단동 검단로 150,인천,Incheon-Local,review_needed,37.5698,126.6932,37.5794708,126.687,202535600000800240,인천광역시 서구청,생활방범,인천광역시 서구 검단로 744번4길 19-2,1206,115,3,semi_auto_review,true,false,"반자동 검토 대기 (mng=202535600000800240, score=115, dist=1206m)"
P4_manual_review_low_confidence,IC-CR-100,서구 청라동 방범 CCTV-1,인천 서구 청라동 청라로 100,인천,Incheon-Local,review_needed,37.5368,126.6478,37.5451229,126.65787,202535600000800231,인천광역시 서구청,생활방범,인천광역시 서구 간재울1길 61,1282,101,3,semi_auto_review,true,false,"반자동 검토 대기 (mng=202535600000800231, score=101, dist=1282m)"
P4_manual_review_low_confidence,IC-CR-101,서구 청라동 방범 CCTV-2,인천 서구 청라동 청라로 100,인천,Incheon-Local,review_needed,37.5368,126.6478,37.5451229,126.65787,202535600000800231,인천광역시 서구청,생활방범,인천광역시 서구 간재울1길 61,1282,101,3,semi_auto_review,true,false,"반자동 검토 대기 (mng=202535600000800231, score=101, dist=1282m)"
P4_manual_review_low_confidence,IC-CR-102,서구 청라동 방범 CCTV-3,인천 서구 청라동 청라로 100,인천,Incheon-Local,review_needed,37.5368,126.6478,37.5451229,126.65787,202535600000800231,인천광역시 서구청,생활방범,인천광역시 서구 간재울1길 61,1282,101,3,semi_auto_review,true,false,"반자동 검토 대기 (mng=202535600000800231, score=101, dist=1282m)"
P4_manual_review_low_confidence,KP-CR-031,양촌읍 방범 CCTV-1,경기 김포시 양촌읍 학운로 90,김포,Gimpo-Local,review_needed,37.5943,126.6189,37.599399,126.605346,202540900000803667,도시안전정보센터,생활방범,경기도 김포시 양촌읍 학운리 770(학운6 산업단지 #11),1322,101,5,semi_auto_review,true,false,"반자동 검토 대기 (mng=202540900000803667, score=101, dist=1322m)"
P4_manual_review_low_confidence,KP-CR-032,양촌읍 방범 CCTV-2,경기 김포시 양촌읍 학운로 90,김포,Gimpo-Local,review_needed,37.5943,126.6189,37.599399,126.605346,202540900000803667,도시안전정보센터,생활방범,경기도 김포시 양촌읍 학운리 770(학운6 산업단지 #11),1322,101,5,semi_auto_review,true,false,"반자동 검토 대기 (mng=202540900000803667, score=101, dist=1322m)"
P4_manual_review_low_confidence,IC-CR-115,서구 당하동 방범 CCTV-1,인천 서구 당하동 당하로 30,인천,Incheon-Local,review_needed,37.552,126.705,37.5638891,126.70324,202535600000801322,인천광역시 서구청,생활방범,인천광역시 서구 고산로40번길 22,1331,101,3,semi_auto_review,true,false,"반자동 검토 대기 (mng=202535600000801322, score=101, dist=1331m)"
P4_manual_review_low_confidence,IC-CR-116,서구 당하동 방범 CCTV-2,인천 서구 당하동 당하로 30,인천,Incheon-Local,review_needed,37.552,126.705,37.5638891,126.70324,202535600000801322,인천광역시 서구청,생활방범,인천광역시 서구 고산로40번길 22,1331,101,3,semi_auto_review,true,false,"반자동 검토 대기 (mng=202535600000801322, score=101, dist=1331m)"
P4_manual_review_low_confidence,IC-CR-117,서구 당하동 방범 CCTV-3,인천 서구 당하동 당하로 30,인천,Incheon-Local,review_needed,37.552,126.705,37.5638891,126.70324,202535600000801322,인천광역시 서구청,생활방범,인천광역시 서구 고산로40번길 22,1331,101,3,semi_auto_review,true,false,"반자동 검토 대기 (mng=202535600000801322, score=101, dist=1331m)"
P4_manual_review_low_confidence,IC-FI-005,연수구 소방 CCTV,인천 연수구 앵고개로 98 (연수소방서),인천,Incheon-Local,review_needed,37.4141,126.6921,37.42379,126.703,202535200000801906,인천광역시 연수구,재난재해,인천광역시 연수구 솔샘로43번길 42,1445,96,1,semi_auto_review,true,false,"반자동 검토 대기 (mng=202535200000801906, score=96, dist=1445m)"
P4_manual_review_low_confidence,IC-CR-130,강화군 불은면 방범 CCTV-1,인천 강화군 불은면 불은로 50,인천,Incheon-Local,review_needed,37.7212,126.5012,37.722316,126.483801,202535700000801827,인천광역시 강화군,생활방범,인천광역시 불은면 고능리,1535,110,3,semi_auto_review,true,false,"반자동 검토 대기 (mng=202535700000801827, score=110, dist=1535m)"
P4_manual_review_low_confidence,IC-CR-131,강화군 불은면 방범 CCTV-2,인천 강화군 불은면 불은로 50,인천,Incheon-Local,review_needed,37.7212,126.5012,37.722316,126.483801,202535700000801827,인천광역시 강화군,생활방범,인천광역시 불은면 고능리,1535,110,3,semi_auto_review,true,false,"반자동 검토 대기 (mng=202535700000801827, score=110, dist=1535m)"
P4_manual_review_low_confidence,IC-CR-132,강화군 불은면 방범 CCTV-3,인천 강화군 불은면 불은로 50,인천,Incheon-Local,review_needed,37.7212,126.5012,37.722316,126.483801,202535700000801827,인천광역시 강화군,생활방범,인천광역시 불은면 고능리,1535,110,3,semi_auto_review,true,false,"반자동 검토 대기 (mng=202535700000801827, score=110, dist=1535m)"
P4_manual_review_low_confidence,KP-CR-043,하성면 방범 CCTV-1,경기 김포시 하성면 하성로 80,김포,Gimpo-Local,review_needed,37.7233,126.6743,37.728921,126.656706,202540900000803385,도시안전정보센터,생활방범,경기도 김포시 하성면 석탄리 132-2번지(석탄4리 마을회관),1669,101,4,semi_auto_review,true,false,"반자동 검토 대기 (mng=202540900000803385, score=101, dist=1669m)"
P4_manual_review_low_confidence,KP-CR-044,하성면 방범 CCTV-2,경기 김포시 하성면 하성로 80,김포,Gimpo-Local,review_needed,37.7233,126.6743,37.728921,126.656706,202540900000803385,도시안전정보센터,생활방범,경기도 김포시 하성면 석탄리 132-2번지(석탄4리 마을회관),1669,101,4,semi_auto_review,true,false,"반자동 검토 대기 (mng=202540900000803385, score=101, dist=1669m)"
P4_manual_review_low_confidence,IC-CR-046,연수구 송도1동 방범 CCTV-1,인천 연수구 송도1동 아트센터대로 80,인천,Incheon-Local,review_needed,37.3932,126.6425,37.39591,126.662,202535200000800993,인천광역시 연수구,생활방범,인천광역시 연수구 아암대로 815,1749,74,1,semi_auto_review,true,false,"반자동 검토 대기 (mng=202535200000800993, score=74, dist=1749m)"
P4_manual_review_low_confidence,IC-CR-047,연수구 송도1동 방범 CCTV-2,인천 연수구 송도1동 아트센터대로 80,인천,Incheon-Local,review_needed,37.3932,126.6425,37.39591,126.662,202535200000800993,인천광역시 연수구,생활방범,인천광역시 연수구 아암대로 815,1749,74,1,semi_auto_review,true,false,"반자동 검토 대기 (mng=202535200000800993, score=74, dist=1749m)"
P4_manual_review_low_confidence,IC-CR-048,연수구 송도1동 방범 CCTV-3,인천 연수구 송도1동 아트센터대로 80,인천,Incheon-Local,review_needed,37.3932,126.6425,37.39591,126.662,202535200000800993,인천광역시 연수구,생활방범,인천광역시 연수구 아암대로 815,1749,74,1,semi_auto_review,true,false,"반자동 검토 대기 (mng=202535200000800993, score=74, dist=1749m)"
P4_manual_review_low_confidence,IC-CR-136,연수구 송도4동 방범 CCTV-1,인천 연수구 송도4동 해돋이로 120,인천,Incheon-Local,review_needed,37.3812,126.6525,37.39521,126.6629,202535200000801218,인천광역시 연수구,차량방범,인천광역시 연수구 아암대로 833,1809,74,1,semi_auto_review,true,false,"반자동 검토 대기 (mng=202535200000801218, score=74, dist=1809m)"
P4_manual_review_low_confidence,IC-CR-137,연수구 송도4동 방범 CCTV-2,인천 연수구 송도4동 해돋이로 120,인천,Incheon-Local,review_needed,37.3812,126.6525,37.39521,126.6629,202535200000801218,인천광역시 연수구,차량방범,인천광역시 연수구 아암대로 833,1809,74,1,semi_auto_review,true,false,"반자동 검토 대기 (mng=202535200000801218, score=74, dist=1809m)"
P4_manual_review_low_confidence,IC-CR-138,연수구 송도4동 방범 CCTV-3,인천 연수구 송도4동 해돋이로 120,인천,Incheon-Local,review_needed,37.3812,126.6525,37.39521,126.6629,202535200000801218,인천광역시 연수구,차량방범,인천광역시 연수구 아암대로 833,1809,74,1,semi_auto_review,true,false,"반자동 검토 대기 (mng=202535200000801218, score=74, dist=1809m)"
P4_manual_review_low_confidence,IC-FI-028,서구 소방 CCTV,인천 서구 석남동 (석남119안전센터),인천,Incheon-Local,review_needed,37.5122,126.6851,37.5288944,126.68462,202535600000801904,인천광역시 서구청,재난재해,인천광역시 서구 서달로130번길 30-10,1857,101,4,semi_auto_review,true,false,"반자동 검토 대기 (mng=202535600000801904, score=101, dist=1857m)"
P4_manual_review_low_confidence,KP-CR-009,풍무동 방범 CCTV-1,경기 김포시 풍무천로 88,김포,Gimpo-Local,review_needed,37.6065,126.6988,37.606663,126.720775,202540900000802772,도시안전정보센터,생활방범,경기도 김포시 풍무동 88-6 (중앙유치원),1936,115,4,semi_auto_review,true,false,"반자동 검토 대기 (mng=202540900000802772, score=115, dist=1936m)"
P4_manual_review_low_confidence,KP-CR-010,풍무동 방범 CCTV-2,경기 김포시 풍무천로 88,김포,Gimpo-Local,review_needed,37.6065,126.6988,37.606663,126.720775,202540900000802772,도시안전정보센터,생활방범,경기도 김포시 풍무동 88-6 (중앙유치원),1936,115,4,semi_auto_review,true,false,"반자동 검토 대기 (mng=202540900000802772, score=115, dist=1936m)"
P4_manual_review_low_confidence,IC-FI-006,연수구 소방 CCTV,인천 연수구 송도과학로 16 (송도119안전센터),인천,Incheon-Local,review_needed,37.3928,126.6292,37.37356,126.6256,202535200000801921,인천광역시 연수구,재난재해,인천광역시 연수구 청능대로 205,2163,76,1,semi_auto_review,true,false,"반자동 검토 대기 (mng=202535200000801921, score=76, dist=2163m)"
P4_manual_review_low_confidence,KP-CR-021,운양동 방범 CCTV-1,경기 김포시 운양동 운양로 50,김포,Gimpo-Local,review_needed,37.6198,126.678,37.641394,126.69005,202540900000802763,도시안전정보센터,생활방범,경기도 김포시 운양동 129-7 (사과나무유치원),2625,81,3,semi_auto_review,true,false,"반자동 검토 대기 (mng=202540900000802763, score=81, dist=2625m)"
P4_manual_review_low_confidence,KP-CR-022,운양동 방범 CCTV-2,경기 김포시 운양동 운양로 50,김포,Gimpo-Local,review_needed,37.6198,126.678,37.641394,126.69005,202540900000802763,도시안전정보센터,생활방범,경기도 김포시 운양동 129-7 (사과나무유치원),2625,81,3,semi_auto_review,true,false,"반자동 검토 대기 (mng=202540900000802763, score=81, dist=2625m)"
P4_manual_review_low_confidence,IC-FI-021,연수구 소방 CCTV,인천 연수구 송도1동 (송도1동119안전센터),인천,Incheon-Local,review_needed,37.3932,126.6425,37.37356,126.6256,202535200000801922,인천광역시 연수구,재난재해,인천광역시 연수구 청능대로 205,2646,76,1,semi_auto_review,true,false,"반자동 검토 대기 (mng=202535200000801922, score=76, dist=2646m)"
P4_manual_review_low_confidence,IC-FI-015,서구 소방 CCTV,인천 서구 검단동 (검단119안전센터),인천,Incheon-Local,review_needed,37.5698,126.6932,37.546829,126.707365,202535500000801158,인천광역시 계양구청,재난재해,인천광역시 서구 공촌동 산163-23 천마산 생태통로 등산로,2843,81,3,semi_auto_review,true,false,"반자동 검토 대기 (mng=202535500000801158, score=81, dist=2843m)"
P4_manual_review_low_confidence,IC-FI-027,연수구 소방 CCTV,인천 연수구 옥련동 (옥련119안전센터),인천,Incheon-Local,review_needed,37.4231,126.6612,37.42379,126.703,202535200000801905,인천광역시 연수구,재난재해,인천광역시 연수구 솔샘로43번길 42,3692,76,1,semi_auto_review,true,false,"반자동 검토 대기 (mng=202535200000801905, score=76, dist=3692m)"
P4_manual_review_low_confidence,IC-FI-020,강화군 소방 CCTV,인천 강화군 불은면 (불은119안전센터),인천,Incheon-Local,review_needed,37.7212,126.5012,37.6902,126.52,202535700000801976,인천광역시 강화군,재난재해,인천광역시 불은면 고능리,3823,90,3,semi_auto_review,true,false,"반자동 검토 대기 (mng=202535700000801976, score=90, dist=3823m)"
P5_source_evidence_required,KP-FI-001,사우동 소방 CCTV-1,경기 김포시 사우중로 67 (김포소방서),김포,Gimpo-Local,pending,37.6181,126.7175,0,0,,,,,0,0,0,,true,false,김포 소방 1차 검수 대기
P5_source_evidence_required,KP-FI-002,사우동 소방 CCTV-2,경기 김포시 사우중로 67 (김포소방서),김포,Gimpo-Local,pending,37.6181,126.7175,0,0,,,,,0,0,0,,true,false,김포 소방 1차 검수 대기
P5_source_evidence_required,KP-FI-003,풍무동 소방 CCTV-1,경기 김포시 풍무로 200 (풍무119안전센터),김포,Gimpo-Local,pending,37.6101,126.7055,0,0,,,,,0,0,0,,true,false,김포 소방 1차 검수 대기
P5_source_evidence_required,KP-FI-004,풍무동 소방 CCTV-2,경기 김포시 풍무로 200 (풍무119안전센터),김포,Gimpo-Local,pending,37.6101,126.7055,0,0,,,,,0,0,0,,true,false,김포 소방 1차 검수 대기
P5_source_evidence_required,KP-FI-005,고촌읍 소방 CCTV-1,경기 김포시 고촌읍 신곡수변로 (고촌119),김포,Gimpo-Local,pending,37.5901,126.7688,0,0,,,,,0,0,0,,true,false,김포 소방 1차 검수 대기
P5_source_evidence_required,KP-FI-006,고촌읍 소방 CCTV-2,경기 김포시 고촌읍 신곡수변로 (고촌119),김포,Gimpo-Local,pending,37.5901,126.7688,0,0,,,,,0,0,0,,true,false,김포 소방 1차 검수 대기
P5_source_evidence_required,KP-FI-007,통진읍 소방 CCTV-1,경기 김포시 통진읍 도사로 200,김포,Gimpo-Local,pending,37.6778,126.6423,0,0,,,,,0,0,0,,true,false,김포 소방 1차 검수 대기
P5_source_evidence_required,KP-FI-008,통진읍 소방 CCTV-2,경기 김포시 통진읍 도사로 200,김포,Gimpo-Local,pending,37.6778,126.6423,0,0,,,,,0,0,0,,true,false,김포 소방 1차 검수 대기
P5_source_evidence_required,KP-FI-009,양촌읍 소방 CCTV-1,경기 김포시 양촌읍 학운로 150,김포,Gimpo-Local,pending,37.5978,126.6247,0,0,,,,,0,0,0,,true,false,김포 소방 1차 검수 대기
P5_source_evidence_required,KP-FI-010,양촌읍 소방 CCTV-2,경기 김포시 양촌읍 학운로 150,김포,Gimpo-Local,pending,37.5978,126.6247,0,0,,,,,0,0,0,,true,false,김포 소방 1차 검수 대기
P5_source_evidence_required,KP-FI-011,장기동 소방 CCTV-1,경기 김포시 장기동 한강파크웨이 소방초소,김포,Gimpo-Local,pending,37.6325,126.684,0,0,,,,,0,0,0,,true,false,김포 소방 1차 검수 대기
P5_source_evidence_required,KP-FI-012,장기동 소방 CCTV-2,경기 김포시 장기동 한강파크웨이 소방초소,김포,Gimpo-Local,pending,37.6325,126.684,0,0,,,,,0,0,0,,true,false,김포 소방 1차 검수 대기
P5_source_evidence_required,KP-FI-013,운양동 소방 CCTV-1,경기 김포시 운양동 운양119안전센터,김포,Gimpo-Local,pending,37.621,126.682,0,0,,,,,0,0,0,,true,false,김포 소방 1차 검수 대기
P5_source_evidence_required,KP-FI-014,운양동 소방 CCTV-2,경기 김포시 운양동 운양119안전센터,김포,Gimpo-Local,pending,37.621,126.682,0,0,,,,,0,0,0,,true,false,김포 소방 1차 검수 대기
P5_source_evidence_required,KP-FI-015,구래동 소방 CCTV-1,경기 김포시 구래동 한강신도시 소방초소,김포,Gimpo-Local,pending,37.638,126.674,0,0,,,,,0,0,0,,true,false,김포 소방 1차 검수 대기
P5_source_evidence_required,KP-FI-016,구래동 소방 CCTV-2,경기 김포시 구래동 한강신도시 소방초소,김포,Gimpo-Local,pending,37.638,126.674,0,0,,,,,0,0,0,,true,false,김포 소방 1차 검수 대기
P5_source_evidence_required,KP-FI-017,마산동 소방 CCTV-1,경기 김포시 마산동 마산소방초소,김포,Gimpo-Local,pending,37.6505,126.6785,0,0,,,,,0,0,0,,true,false,김포 소방 1차 검수 대기
P5_source_evidence_required,KP-FI-018,마산동 소방 CCTV-2,경기 김포시 마산동 마산소방초소,김포,Gimpo-Local,pending,37.6505,126.6785,0,0,,,,,0,0,0,,true,false,김포 소방 1차 검수 대기
P5_source_evidence_required,KP-FI-019,대곶면 소방 CCTV-1,경기 김포시 대곶면 대곶119안전센터,김포,Gimpo-Local,pending,37.6498,126.5698,0,0,,,,,0,0,0,,true,false,김포 소방 1차 검수 대기
P5_source_evidence_required,KP-FI-020,대곶면 소방 CCTV-2,경기 김포시 대곶면 대곶119안전센터,김포,Gimpo-Local,pending,37.6498,126.5698,0,0,,,,,0,0,0,,true,false,김포 소방 1차 검수 대기
P5_source_evidence_required,KP-FI-021,월곶면 소방 CCTV-1,경기 김포시 월곶면 월곶119안전센터,김포,Gimpo-Local,pending,37.714,126.612,0,0,,,,,0,0,0,,true,false,김포 소방 1차 검수 대기
P5_source_evidence_required,KP-FI-022,월곶면 소방 CCTV-2,경기 김포시 월곶면 월곶119안전센터,김포,Gimpo-Local,pending,37.714,126.612,0,0,,,,,0,0,0,,true,false,김포 소방 1차 검수 대기
P5_source_evidence_required,KP-FI-023,하성면 소방 CCTV-1,경기 김포시 하성면 하성119안전센터,김포,Gimpo-Local,pending,37.7218,126.6712,0,0,,,,,0,0,0,,true,false,김포 소방 1차 검수 대기
P5_source_evidence_required,KP-FI-024,하성면 소방 CCTV-2,경기 김포시 하성면 하성119안전센터,김포,Gimpo-Local,pending,37.7218,126.6712,0,0,,,,,0,0,0,,true,false,김포 소방 1차 검수 대기
P5_source_evidence_required,KP-FI-025,걸포동 소방 CCTV-1,경기 김포시 걸포동 걸포119,김포,Gimpo-Local,pending,37.6258,126.707,0,0,,,,,0,0,0,,true,false,김포 소방 1차 검수 대기
P5_source_evidence_required,KP-FI-026,걸포동 소방 CCTV-2,경기 김포시 걸포동 걸포119,김포,Gimpo-Local,pending,37.6258,126.707,0,0,,,,,0,0,0,,true,false,김포 소방 1차 검수 대기
P5_source_evidence_required,KP-FI-027,감정동 소방 CCTV-1,경기 김포시 감정동 감정소방초소,김포,Gimpo-Local,pending,37.6131,126.6935,0,0,,,,,0,0,0,,true,false,김포 소방 1차 검수 대기
P5_source_evidence_required,KP-FI-028,감정동 소방 CCTV-2,경기 김포시 감정동 감정소방초소,김포,Gimpo-Local,pending,37.6131,126.6935,0,0,,,,,0,0,0,,true,false,김포 소방 1차 검수 대기
P5_source_evidence_required,KP-FI-029,북변동 소방 CCTV-1,경기 김포시 북변동 북변소방초소,김포,Gimpo-Local,pending,37.6178,126.718,0,0,,,,,0,0,0,,true,false,김포 소방 1차 검수 대기
P5_source_evidence_required,KP-FI-030,북변동 소방 CCTV-2,경기 김포시 북변동 북변소방초소,김포,Gimpo-Local,pending,37.6178,126.718,0,0,,,,,0,0,0,,true,false,김포 소방 1차 검수 대기
P5_source_evidence_required,IC-CR-043,연수구 송도동 방범 CCTV-1,인천 연수구 송도동 국제대로 150,인천,Incheon-Local,pending,37.3894,126.639,0,0,,,,,0,0,0,,true,false,인천 방범 1차 검수 대기
P5_source_evidence_required,IC-CR-044,연수구 송도동 방범 CCTV-2,인천 연수구 송도동 국제대로 150,인천,Incheon-Local,pending,37.3894,126.639,0,0,,,,,0,0,0,,true,false,인천 방범 1차 검수 대기
P5_source_evidence_required,IC-CR-045,연수구 송도동 방범 CCTV-3,인천 연수구 송도동 국제대로 150,인천,Incheon-Local,pending,37.3894,126.639,0,0,,,,,0,0,0,,true,false,인천 방범 1차 검수 대기
P5_source_evidence_required,IC-CR-133,연수구 송도2동 방범 CCTV-1,인천 연수구 송도2동 컨벤시아대로 50,인천,Incheon-Local,pending,37.3851,126.6428,0,0,,,,,0,0,0,,true,false,인천 방범 1차 검수 대기
P5_source_evidence_required,IC-CR-134,연수구 송도2동 방범 CCTV-2,인천 연수구 송도2동 컨벤시아대로 50,인천,Incheon-Local,pending,37.3851,126.6428,0,0,,,,,0,0,0,,true,false,인천 방범 1차 검수 대기
P5_source_evidence_required,IC-CR-135,연수구 송도2동 방범 CCTV-3,인천 연수구 송도2동 컨벤시아대로 50,인천,Incheon-Local,pending,37.3851,126.6428,0,0,,,,,0,0,0,,true,false,인천 방범 1차 검수 대기
P5_source_evidence_required,IC-CR-139,연수구 송도6동 방범 CCTV-1,인천 연수구 송도6동 송도국제대로,인천,Incheon-Local,pending,37.3721,126.6618,0,0,,,,,0,0,0,,true,false,인천 방범 1차 검수 대기
P5_source_evidence_required,IC-CR-140,연수구 송도6동 방범 CCTV-2,인천 연수구 송도6동 송도국제대로,인천,Incheon-Local,pending,37.3721,126.6618,0,0,,,,,0,0,0,,true,false,인천 방범 1차 검수 대기
P5_source_evidence_required,IC-CR-141,연수구 송도6동 방범 CCTV-3,인천 연수구 송도6동 송도국제대로,인천,Incheon-Local,pending,37.3721,126.6618,0,0,,,,,0,0,0,,true,false,인천 방범 1차 검수 대기
P5_source_evidence_required,IC-CR-142,연수구 송도7동 방범 CCTV-1,인천 연수구 송도7동 첨단대로 150,인천,Incheon-Local,pending,37.378,126.6701,0,0,,,,,0,0,0,,true,false,인천 방범 1차 검수 대기
P5_source_evidence_required,IC-CR-143,연수구 송도7동 방범 CCTV-2,인천 연수구 송도7동 첨단대로 150,인천,Incheon-Local,pending,37.378,126.6701,0,0,,,,,0,0,0,,true,false,인천 방범 1차 검수 대기
P5_source_evidence_required,IC-CR-144,연수구 송도7동 방범 CCTV-3,인천 연수구 송도7동 첨단대로 150,인천,Incheon-Local,pending,37.378,126.6701,0,0,,,,,0,0,0,,true,false,인천 방범 1차 검수 대기
P5_source_evidence_required,IC-FI-001,부평구 소방 CCTV,인천 부평구 부평대로 217 (부평소방서),인천,Incheon-Local,pending,37.5082,126.7249,0,0,,,,,0,0,0,,true,false,인천 소방 1차 검수 대기
P5_source_evidence_required,IC-FI-008,남동구 소방 CCTV,인천 남동구 소래역로 100 (인천소방본부),인천,Incheon-Local,pending,37.4498,126.7362,0,0,,,,,0,0,0,,true,false,인천 소방 1차 검수 대기
P5_source_evidence_required,IC-FI-009,남동구 소방 CCTV,인천 남동구 구월동 (구월119안전센터),인천,Incheon-Local,pending,37.4563,126.7052,0,0,,,,,0,0,0,,true,false,인천 소방 1차 검수 대기
P5_source_evidence_required,IC-FI-010,남동구 소방 CCTV,인천 남동구 논현동 (논현119안전센터),인천,Incheon-Local,pending,37.435,126.7312,0,0,,,,,0,0,0,,true,false,인천 소방 1차 검수 대기
P5_source_evidence_required,IC-FI-013,서구 소방 CCTV,인천 서구 가좌동 (서부소방서),인천,Incheon-Local,pending,37.5041,126.6712,0,0,,,,,0,0,0,,true,false,인천 소방 1차 검수 대기
P5_source_evidence_required,IC-FI-014,서구 소방 CCTV,인천 서구 청라동 (청라119안전센터),인천,Incheon-Local,pending,37.5368,126.6478,0,0,,,,,0,0,0,,true,false,인천 소방 1차 검수 대기
P5_source_evidence_required,IC-FI-016,중구 소방 CCTV,인천 중구 공항로 424 (인천공항소방대),인천,Incheon-Local,pending,37.449,126.451,0,0,,,,,0,0,0,,true,false,인천 소방 1차 검수 대기
P5_source_evidence_required,IC-FI-017,중구 소방 CCTV,인천 중구 신흥동 (중부소방서),인천,Incheon-Local,pending,37.4755,126.6175,0,0,,,,,0,0,0,,true,false,인천 소방 1차 검수 대기
P5_source_evidence_required,IC-FI-018,동구 소방 CCTV,인천 동구 금창동 (동부소방서),인천,Incheon-Local,pending,37.478,126.6512,0,0,,,,,0,0,0,,true,false,인천 소방 1차 검수 대기
P5_source_evidence_required,IC-FI-022,부평구 소방 CCTV,인천 부평구 부개동 (부개119안전센터),인천,Incheon-Local,pending,37.5052,126.7231,0,0,,,,,0,0,0,,true,false,인천 소방 1차 검수 대기
P5_source_evidence_required,IC-FI-026,남동구 소방 CCTV,인천 남동구 간석동 (간석119안전센터),인천,Incheon-Local,pending,37.4721,126.7085,0,0,,,,,0,0,0,,true,false,인천 소방 1차 검수 대기
P5_source_evidence_required,IC-FI-030,중구 소방 CCTV,인천 중구 운서동 (공항항공대119),인천,Incheon-Local,pending,37.469,126.4812,0,0,,,,,0,0,0,,true,false,인천 소방 1차 검수 대기
