id,name,address,region,source,seed_lat,seed_lng,lat,lng,status,source_document,note,matched_mng_no,matched_manager,matched_purpose,matched_address,matched_distance_m,matched_score,matched_camera_count,match_strategy
KP-CR-001,사우동 방범 CCTV-1,경기 김포시 사우중로 1,김포,Gimpo-Local,37.615200,126.715600,37.6155110,126.7156030,active,행정안전부_CCTV정보 조회서비스,"P1 수동 승인 승격, mng=202540900000802659, score=216, dist=35m, source=site+row, checked=P1 2차 추천 승인",202540900000802659,도시안전정보센터,생활방범,경기도 김포시 사우동 263-1 (김포시청앞),35,216,3,semi_auto_review
KP-CR-002,사우동 방범 CCTV-2,경기 김포시 사우중로 1,김포,Gimpo-Local,37.615200,126.715600,37.6155110,126.7156030,active,행정안전부_CCTV정보 조회서비스,"P1 수동 승인 승격, mng=202540900000802659, score=216, dist=35m, source=site+row, checked=P1 2차 추천 승인",202540900000802659,도시안전정보센터,생활방범,경기도 김포시 사우동 263-1 (김포시청앞),35,216,3,semi_auto_review
KP-CR-003,사우동 방범 CCTV-1,경기 김포시 사우로 45,김포,Gimpo-Local,37.617500,126.711200,37.6180470,126.7126910,review_needed,행정안전부_CCTV정보 조회서비스,"반자동 검토 대기 (mng=202540900000803250, score=191, dist=145m)",202540900000803250,도시안전정보센터,생활방범,경기도 김포시 사우동 1223 (김포여중 뒷길),145,191,4,semi_auto_review
KP-CR-004,사우동 방범 CCTV-2,경기 김포시 사우로 45,김포,Gimpo-Local,37.617500,126.711200,37.6180470,126.7126910,review_needed,행정안전부_CCTV정보 조회서비스,"반자동 검토 대기 (mng=202540900000803250, score=191, dist=145m)",202540900000803250,도시안전정보센터,생활방범,경기도 김포시 사우동 1223 (김포여중 뒷길),145,191,4,semi_auto_review
KP-CR-005,사우동 방범 CCTV-1,경기 김포시 감암로 22,김포,Gimpo-Local,37.612800,126.719800,37.6136400,126.7251930,review_needed,행정안전부_CCTV정보 조회서비스,"반자동 검토 대기 (mng=202540900000803232, score=151, dist=484m)",202540900000803232,도시안전정보센터,생활방범,경기도 김포시 사우동 140-21 (육교 및 세차장 삼거리),484,151,5,semi_auto_review
KP-CR-006,사우동 방범 CCTV-2,경기 김포시 감암로 22,김포,Gimpo-Local,37.612800,126.719800,37.6136400,126.7251930,review_needed,행정안전부_CCTV정보 조회서비스,"반자동 검토 대기 (mng=202540900000803232, score=151, dist=484m)",202540900000803232,도시안전정보센터,생활방범,경기도 김포시 사우동 140-21 (육교 및 세차장 삼거리),484,151,5,semi_auto_review
KP-CR-007,풍무동 방범 CCTV-1,경기 김포시 풍무로 123,김포,Gimpo-Local,37.608900,126.702100,37.6099750,126.7062390,review_needed,행정안전부_CCTV정보 조회서비스,"반자동 검토 대기 (mng=202540900000803238, score=151, dist=384m)",202540900000803238,도시안전정보센터,생활방범,경기도 김포시 풍무동 67-2 (목양교회 들어가는 입구 삼거리),384,151,4,semi_auto_review
KP-CR-008,풍무동 방범 CCTV-2,경기 김포시 풍무로 123,김포,Gimpo-Local,37.608900,126.702100,37.6099750,126.7062390,review_needed,행정안전부_CCTV정보 조회서비스,"반자동 검토 대기 (mng=202540900000803238, score=151, dist=384m)",202540900000803238,도시안전정보센터,생활방범,경기도 김포시 풍무동 67-2 (목양교회 들어가는 입구 삼거리),384,151,4,semi_auto_review
KP-CR-009,풍무동 방범 CCTV-1,경기 김포시 풍무천로 88,김포,Gimpo-Local,37.606500,126.698800,37.6066630,126.7207750,review_needed,행정안전부_CCTV정보 조회서비스,"반자동 검토 대기 (mng=202540900000802772, score=115, dist=1936m)",202540900000802772,도시안전정보센터,생활방범,경기도 김포시 풍무동 88-6 (중앙유치원),1936,115,4,semi_auto_review
KP-CR-010,풍무동 방범 CCTV-2,경기 김포시 풍무천로 88,김포,Gimpo-Local,37.606500,126.698800,37.6066630,126.7207750,review_needed,행정안전부_CCTV정보 조회서비스,"반자동 검토 대기 (mng=202540900000802772, score=115, dist=1936m)",202540900000802772,도시안전정보센터,생활방범,경기도 김포시 풍무동 88-6 (중앙유치원),1936,115,4,semi_auto_review
KP-CR-011,고촌읍 방범 CCTV-1,경기 김포시 고촌읍 아라육로,김포,Gimpo-Local,37.603100,126.762300,37.6045130,126.7624530,review_needed,행정안전부_CCTV정보 조회서비스,"반자동 검토 대기 (mng=202540900000802865, score=171, dist=158m)",202540900000802865,도시안전정보센터,생활방범,경기도 김포시 고촌읍 풍곡리 228-1 (새한솔어린이집),158,171,4,semi_auto_review
KP-CR-012,고촌읍 방범 CCTV-2,경기 김포시 고촌읍 아라육로,김포,Gimpo-Local,37.603100,126.762300,37.6045130,126.7624530,review_needed,행정안전부_CCTV정보 조회서비스,"반자동 검토 대기 (mng=202540900000802865, score=171, dist=158m)",202540900000802865,도시안전정보센터,생활방범,경기도 김포시 고촌읍 풍곡리 228-1 (새한솔어린이집),158,171,4,semi_auto_review
KP-CR-013,고촌읍 방범 CCTV-1,경기 김포시 고촌읍 신곡수변로,김포,Gimpo-Local,37.595800,126.770100,37.5968350,126.7701160,review_needed,행정안전부_CCTV정보 조회서비스,"반자동 검토 대기 (mng=202540900000803435, score=191, dist=115m)",202540900000803435,도시안전정보센터,생활방범,경기도 김포시 고촌읍 신곡리 1260(힐스테이트2단지 공원),115,191,5,semi_auto_review
KP-CR-014,고촌읍 방범 CCTV-2,경기 김포시 고촌읍 신곡수변로,김포,Gimpo-Local,37.595800,126.770100,37.5968350,126.7701160,review_needed,행정안전부_CCTV정보 조회서비스,"반자동 검토 대기 (mng=202540900000803435, score=191, dist=115m)",202540900000803435,도시안전정보센터,생활방범,경기도 김포시 고촌읍 신곡리 1260(힐스테이트2단지 공원),115,191,5,semi_auto_review
KP-CR-015,장기동 방범 CCTV-1,경기 김포시 장기동 한강중앙로,김포,Gimpo-Local,37.631500,126.687200,37.6358710,126.6878430,review_needed,행정안전부_CCTV정보 조회서비스,"반자동 검토 대기 (mng=202540900000802620, score=151, dist=489m)",202540900000802620,도시안전정보센터,생활방범,"경기도 김포시 장기동 834-11 (옹주물 이주단지, 김포한강어린이집)",489,151,5,semi_auto_review
KP-CR-016,장기동 방범 CCTV-2,경기 김포시 장기동 한강중앙로,김포,Gimpo-Local,37.631500,126.687200,37.6358710,126.6878430,review_needed,행정안전부_CCTV정보 조회서비스,"반자동 검토 대기 (mng=202540900000802620, score=151, dist=489m)",202540900000802620,도시안전정보센터,생활방범,"경기도 김포시 장기동 834-11 (옹주물 이주단지, 김포한강어린이집)",489,151,5,semi_auto_review
KP-CR-017,장기동 방범 CCTV-1,경기 김포시 장기동 장기로 200,김포,Gimpo-Local,37.628900,126.692100,37.6308570,126.6944970,review_needed,행정안전부_CCTV정보 조회서비스,"반자동 검토 대기 (mng=202540900000803100, score=102, dist=303m)",202540900000803100,도시안전정보센터,생활방범,경기도 김포시 감정동 178,303,102,4,semi_auto_review
KP-CR-018,장기동 방범 CCTV-2,경기 김포시 장기동 장기로 200,김포,Gimpo-Local,37.628900,126.692100,37.6308570,126.6944970,review_needed,행정안전부_CCTV정보 조회서비스,"반자동 검토 대기 (mng=202540900000803100, score=102, dist=303m)",202540900000803100,도시안전정보센터,생활방범,경기도 김포시 감정동 178,303,102,4,semi_auto_review
KP-CR-019,운양동 방범 CCTV-1,경기 김포시 운양동 한강로 100,김포,Gimpo-Local,37.623100,126.680500,37.6311250,126.6820940,review_needed,행정안전부_CCTV정보 조회서비스,"반자동 검토 대기 (mng=202540900000803132, score=91, dist=903m)",202540900000803132,도시안전정보센터,생활방범,경기도 김포시 감정동 100-3 (하늘구멍어린이집),903,91,4,semi_auto_review
KP-CR-020,운양동 방범 CCTV-2,경기 김포시 운양동 한강로 100,김포,Gimpo-Local,37.623100,126.680500,37.6311250,126.6820940,review_needed,행정안전부_CCTV정보 조회서비스,"반자동 검토 대기 (mng=202540900000803132, score=91, dist=903m)",202540900000803132,도시안전정보센터,생활방범,경기도 김포시 감정동 100-3 (하늘구멍어린이집),903,91,4,semi_auto_review
KP-CR-021,운양동 방범 CCTV-1,경기 김포시 운양동 운양로 50,김포,Gimpo-Local,37.619800,126.678000,37.6413940,126.6900500,review_needed,행정안전부_CCTV정보 조회서비스,"반자동 검토 대기 (mng=202540900000802763, score=81, dist=2625m)",202540900000802763,도시안전정보센터,생활방범,경기도 김포시 운양동 129-7 (사과나무유치원),2625,81,3,semi_auto_review
KP-CR-022,운양동 방범 CCTV-2,경기 김포시 운양동 운양로 50,김포,Gimpo-Local,37.619800,126.678000,37.6413940,126.6900500,review_needed,행정안전부_CCTV정보 조회서비스,"반자동 검토 대기 (mng=202540900000802763, score=81, dist=2625m)",202540900000802763,도시안전정보센터,생활방범,경기도 김포시 운양동 129-7 (사과나무유치원),2625,81,3,semi_auto_review
KP-CR-023,구래동 방범 CCTV-1,경기 김포시 구래동 하성로 60,김포,Gimpo-Local,37.638900,126.672100,37.6388740,126.6719290,review_needed,행정안전부_CCTV정보 조회서비스,"반자동 검토 대기 (mng=202540900000803041, score=167, dist=15m)",202540900000803041,도시안전정보센터,생활방범,경기도 김포시 장기동 2065-1 (우남퍼스트빌아파트 514동 인근),15,167,5,semi_auto_review
KP-CR-024,구래동 방범 CCTV-2,경기 김포시 구래동 하성로 60,김포,Gimpo-Local,37.638900,126.672100,37.6388740,126.6719290,review_needed,행정안전부_CCTV정보 조회서비스,"반자동 검토 대기 (mng=202540900000803041, score=167, dist=15m)",202540900000803041,도시안전정보센터,생활방범,경기도 김포시 장기동 2065-1 (우남퍼스트빌아파트 514동 인근),15,167,5,semi_auto_review
KP-CR-025,구래동 방범 CCTV-1,경기 김포시 구래동 구레로 150,김포,Gimpo-Local,37.642100,126.675500,37.6427180,126.6749120,review_needed,행정안전부_CCTV정보 조회서비스,"반자동 검토 대기 (mng=202540900000803051, score=142, dist=86m)",202540900000803051,도시안전정보센터,생활방범,경기도 김포시 장기동 2001-1 (수로변 공연장 인근),86,142,5,semi_auto_review
KP-CR-026,구래동 방범 CCTV-2,경기 김포시 구래동 구레로 150,김포,Gimpo-Local,37.642100,126.675500,37.6427180,126.6749120,review_needed,행정안전부_CCTV정보 조회서비스,"반자동 검토 대기 (mng=202540900000803051, score=142, dist=86m)",202540900000803051,도시안전정보센터,생활방범,경기도 김포시 장기동 2001-1 (수로변 공연장 인근),86,142,5,semi_auto_review
KP-CR-027,마산동 방범 CCTV-1,경기 김포시 마산동 마산로 30,김포,Gimpo-Local,37.651200,126.680100,37.6523940,126.6798570,review_needed,행정안전부_CCTV정보 조회서비스,"반자동 검토 대기 (mng=202540900000802977, score=142, dist=134m)",202540900000802977,도시안전정보센터,생활방범,경기도 김포시 운양동 610-2 (한강신도시2차푸르지오 인근),134,142,5,semi_auto_review
KP-CR-028,마산동 방범 CCTV-2,경기 김포시 마산동 마산로 30,김포,Gimpo-Local,37.651200,126.680100,37.6523940,126.6798570,review_needed,행정안전부_CCTV정보 조회서비스,"반자동 검토 대기 (mng=202540900000802977, score=142, dist=134m)",202540900000802977,도시안전정보센터,생활방범,경기도 김포시 운양동 610-2 (한강신도시2차푸르지오 인근),134,142,5,semi_auto_review
KP-CR-029,양촌읍 방범 CCTV-1,경기 김포시 양촌읍 양곡로 50,김포,Gimpo-Local,37.597800,126.624700,37.6058843,126.6216730,review_needed,행정안전부_CCTV정보 조회서비스,"반자동 검토 대기 (mng=202540900000803857, score=126, dist=938m)",202540900000803857,도시안전정보센터,차량방범,경기도 김포시 양촌읍 대포리 322-127(검단양촌IC) 인천방향,938,126,3,semi_auto_review
KP-CR-030,양촌읍 방범 CCTV-2,경기 김포시 양촌읍 양곡로 50,김포,Gimpo-Local,37.597800,126.624700,37.6058843,126.6216730,review_needed,행정안전부_CCTV정보 조회서비스,"반자동 검토 대기 (mng=202540900000803857, score=126, dist=938m)",202540900000803857,도시안전정보센터,차량방범,경기도 김포시 양촌읍 대포리 322-127(검단양촌IC) 인천방향,938,126,3,semi_auto_review
KP-CR-031,양촌읍 방범 CCTV-1,경기 김포시 양촌읍 학운로 90,김포,Gimpo-Local,37.594300,126.618900,37.5993990,126.6053460,review_needed,행정안전부_CCTV정보 조회서비스,"반자동 검토 대기 (mng=202540900000803667, score=101, dist=1322m)",202540900000803667,도시안전정보센터,생활방범,경기도 김포시 양촌읍 학운리 770(학운6 산업단지 #11),1322,101,5,semi_auto_review
KP-CR-032,양촌읍 방범 CCTV-2,경기 김포시 양촌읍 학운로 90,김포,Gimpo-Local,37.594300,126.618900,37.5993990,126.6053460,review_needed,행정안전부_CCTV정보 조회서비스,"반자동 검토 대기 (mng=202540900000803667, score=101, dist=1322m)",202540900000803667,도시안전정보센터,생활방범,경기도 김포시 양촌읍 학운리 770(학운6 산업단지 #11),1322,101,5,semi_auto_review
KP-CR-033,양촌읍 방범 CCTV-1,경기 김포시 양촌읍 누산리로,김포,Gimpo-Local,37.600300,126.631200,37.6091000,126.6264900,review_needed,행정안전부_CCTV정보 조회서비스,"반자동 검토 대기 (mng=202540900000803630, score=101, dist=1063m)",202540900000803630,도시안전정보센터,생활방범,경기도 김포시 양촌읍 대포리 244-10(대포일반산업단지 #2),1063,101,5,semi_auto_review
KP-CR-034,양촌읍 방범 CCTV-2,경기 김포시 양촌읍 누산리로,김포,Gimpo-Local,37.600300,126.631200,37.6091000,126.6264900,review_needed,행정안전부_CCTV정보 조회서비스,"반자동 검토 대기 (mng=202540900000803630, score=101, dist=1063m)",202540900000803630,도시안전정보센터,생활방범,경기도 김포시 양촌읍 대포리 244-10(대포일반산업단지 #2),1063,101,5,semi_auto_review
KP-CR-035,통진읍 방범 CCTV-1,경기 김포시 통진읍 도사로 100,김포,Gimpo-Local,37.677800,126.642300,37.6759840,126.6466790,review_needed,행정안전부_CCTV정보 조회서비스,"반자동 검토 대기 (mng=202540900000803460, score=102, dist=435m)",202540900000803460,도시안전정보센터,생활방범,경기도 김포시 양촌읍 누산리 1082(누산리정류소 인근),435,102,5,semi_auto_review
KP-CR-036,통진읍 방범 CCTV-2,경기 김포시 통진읍 도사로 100,김포,Gimpo-Local,37.677800,126.642300,37.6759840,126.6466790,review_needed,행정안전부_CCTV정보 조회서비스,"반자동 검토 대기 (mng=202540900000803460, score=102, dist=435m)",202540900000803460,도시안전정보센터,생활방범,경기도 김포시 양촌읍 누산리 1082(누산리정류소 인근),435,102,5,semi_auto_review
KP-CR-037,통진읍 방범 CCTV-1,경기 김포시 통진읍 통진대로 70,김포,Gimpo-Local,37.682100,126.638000,37.6802520,126.6288760,review_needed,행정안전부_CCTV정보 조회서비스,"반자동 검토 대기 (mng=202540900000803387, score=126, dist=829m)",202540900000803387,도시안전정보센터,생활방범,경기도 김포시 통진읍 수참리 208-9번지(수참2리마을)-사유지(01052868476),829,126,4,semi_auto_review
KP-CR-038,통진읍 방범 CCTV-2,경기 김포시 통진읍 통진대로 70,김포,Gimpo-Local,37.682100,126.638000,37.6802520,126.6288760,review_needed,행정안전부_CCTV정보 조회서비스,"반자동 검토 대기 (mng=202540900000803387, score=126, dist=829m)",202540900000803387,도시안전정보센터,생활방범,경기도 김포시 통진읍 수참리 208-9번지(수참2리마을)-사유지(01052868476),829,126,4,semi_auto_review
KP-CR-039,대곶면 방범 CCTV-1,경기 김포시 대곶면 대곶로 200,김포,Gimpo-Local,37.650700,126.572400,37.6563710,126.5712870,review_needed,행정안전부_CCTV정보 조회서비스,"반자동 검토 대기 (mng=202540900000803698, score=126, dist=638m)",202540900000803698,도시안전정보센터,생활방범,경기도 김포시 대곶면 송마리 91-1(공장 인근),638,126,4,semi_auto_review
KP-CR-040,대곶면 방범 CCTV-2,경기 김포시 대곶면 대곶로 200,김포,Gimpo-Local,37.650700,126.572400,37.6563710,126.5712870,review_needed,행정안전부_CCTV정보 조회서비스,"반자동 검토 대기 (mng=202540900000803698, score=126, dist=638m)",202540900000803698,도시안전정보센터,생활방범,경기도 김포시 대곶면 송마리 91-1(공장 인근),638,126,4,semi_auto_review
KP-CR-041,월곶면 방범 CCTV-1,경기 김포시 월곶면 염하로 55,김포,Gimpo-Local,37.715500,126.615300,37.7185200,126.6135600,review_needed,행정안전부_CCTV정보 조회서비스,"반자동 검토 대기 (mng=202540900000803644, score=102, dist=369m)",202540900000803644,도시안전정보센터,생활방범,경기도 김포시 통진읍 귀전리 350-6(귀전리 마을 초입),369,102,5,semi_auto_review
KP-CR-042,월곶면 방범 CCTV-2,경기 김포시 월곶면 염하로 55,김포,Gimpo-Local,37.715500,126.615300,37.7185200,126.6135600,review_needed,행정안전부_CCTV정보 조회서비스,"반자동 검토 대기 (mng=202540900000803644, score=102, dist=369m)",202540900000803644,도시안전정보센터,생활방범,경기도 김포시 통진읍 귀전리 350-6(귀전리 마을 초입),369,102,5,semi_auto_review
KP-CR-043,하성면 방범 CCTV-1,경기 김포시 하성면 하성로 80,김포,Gimpo-Local,37.723300,126.674300,37.7289210,126.6567060,review_needed,행정안전부_CCTV정보 조회서비스,"반자동 검토 대기 (mng=202540900000803385, score=101, dist=1669m)",202540900000803385,도시안전정보센터,생활방범,경기도 김포시 하성면 석탄리 132-2번지(석탄4리 마을회관),1669,101,4,semi_auto_review
KP-CR-044,하성면 방범 CCTV-2,경기 김포시 하성면 하성로 80,김포,Gimpo-Local,37.723300,126.674300,37.7289210,126.6567060,review_needed,행정안전부_CCTV정보 조회서비스,"반자동 검토 대기 (mng=202540900000803385, score=101, dist=1669m)",202540900000803385,도시안전정보센터,생활방범,경기도 김포시 하성면 석탄리 132-2번지(석탄4리 마을회관),1669,101,4,semi_auto_review
KP-CR-045,걸포동 방범 CCTV-1,경기 김포시 걸포동 걸포로 30,김포,Gimpo-Local,37.627100,126.708500,37.6267760,126.7075100,review_needed,행정안전부_CCTV정보 조회서비스,"반자동 검토 대기 (mng=202540900000802728, score=191, dist=94m)",202540900000802728,도시안전정보센터,생활방범,경기도 김포시 걸포동 4-170(걸포동 마을회관 인근),94,191,4,semi_auto_review
KP-CR-046,걸포동 방범 CCTV-2,경기 김포시 걸포동 걸포로 30,김포,Gimpo-Local,37.627100,126.708500,37.6267760,126.7075100,review_needed,행정안전부_CCTV정보 조회서비스,"반자동 검토 대기 (mng=202540900000802728, score=191, dist=94m)",202540900000802728,도시안전정보센터,생활방범,경기도 김포시 걸포동 4-170(걸포동 마을회관 인근),94,191,4,semi_auto_review
KP-CR-047,북변동 방범 CCTV-1,경기 김포시 북변동 북변로 45,김포,Gimpo-Local,37.619500,126.719800,37.6207980,126.7184820,review_needed,행정안전부_CCTV정보 조회서비스,"반자동 검토 대기 (mng=202540900000803274, score=171, dist=185m)",202540900000803274,도시안전정보센터,생활방범,"경기도 김포시 북변동 814(풍년마을,김포고)",185,171,3,semi_auto_review
KP-CR-048,북변동 방범 CCTV-2,경기 김포시 북변동 북변로 45,김포,Gimpo-Local,37.619500,126.719800,37.6207980,126.7184820,review_needed,행정안전부_CCTV정보 조회서비스,"반자동 검토 대기 (mng=202540900000803274, score=171, dist=185m)",202540900000803274,도시안전정보센터,생활방범,"경기도 김포시 북변동 814(풍년마을,김포고)",185,171,3,semi_auto_review
KP-CR-049,감정동 방범 CCTV-1,경기 김포시 감정동 감정로 20,김포,Gimpo-Local,37.614500,126.695000,37.6155740,126.7021890,review_needed,행정안전부_CCTV정보 조회서비스,"반자동 검토 대기 (mng=202540900000803148, score=126, dist=644m)",202540900000803148,도시안전정보센터,생활방범,경기도 김포시 감정동 산90 [감정제2공원(김포20호)],644,126,4,semi_auto_review
KP-CR-050,감정동 방범 CCTV-2,경기 김포시 감정동 감정로 20,김포,Gimpo-Local,37.614500,126.695000,37.6155740,126.7021890,review_needed,행정안전부_CCTV정보 조회서비스,"반자동 검토 대기 (mng=202540900000803148, score=126, dist=644m)",202540900000803148,도시안전정보센터,생활방범,경기도 김포시 감정동 산90 [감정제2공원(김포20호)],644,126,4,semi_auto_review
KP-FI-001,사우동 소방 CCTV-1,경기 김포시 사우중로 67 (김포소방서),김포,Gimpo-Local,37.618100,126.717500,,,pending,,김포 소방 1차 검수 대기,,,,,,,,
KP-FI-002,사우동 소방 CCTV-2,경기 김포시 사우중로 67 (김포소방서),김포,Gimpo-Local,37.618100,126.717500,,,pending,,김포 소방 1차 검수 대기,,,,,,,,
KP-FI-003,풍무동 소방 CCTV-1,경기 김포시 풍무로 200 (풍무119안전센터),김포,Gimpo-Local,37.610100,126.705500,,,pending,,김포 소방 1차 검수 대기,,,,,,,,
KP-FI-004,풍무동 소방 CCTV-2,경기 김포시 풍무로 200 (풍무119안전센터),김포,Gimpo-Local,37.610100,126.705500,,,pending,,김포 소방 1차 검수 대기,,,,,,,,
KP-FI-005,고촌읍 소방 CCTV-1,경기 김포시 고촌읍 신곡수변로 (고촌119),김포,Gimpo-Local,37.590100,126.768800,,,pending,,김포 소방 1차 검수 대기,,,,,,,,
KP-FI-006,고촌읍 소방 CCTV-2,경기 김포시 고촌읍 신곡수변로 (고촌119),김포,Gimpo-Local,37.590100,126.768800,,,pending,,김포 소방 1차 검수 대기,,,,,,,,
KP-FI-007,통진읍 소방 CCTV-1,경기 김포시 통진읍 도사로 200,김포,Gimpo-Local,37.677800,126.642300,,,pending,,김포 소방 1차 검수 대기,,,,,,,,
KP-FI-008,통진읍 소방 CCTV-2,경기 김포시 통진읍 도사로 200,김포,Gimpo-Local,37.677800,126.642300,,,pending,,김포 소방 1차 검수 대기,,,,,,,,
KP-FI-009,양촌읍 소방 CCTV-1,경기 김포시 양촌읍 학운로 150,김포,Gimpo-Local,37.597800,126.624700,,,pending,,김포 소방 1차 검수 대기,,,,,,,,
KP-FI-010,양촌읍 소방 CCTV-2,경기 김포시 양촌읍 학운로 150,김포,Gimpo-Local,37.597800,126.624700,,,pending,,김포 소방 1차 검수 대기,,,,,,,,
KP-FI-011,장기동 소방 CCTV-1,경기 김포시 장기동 한강파크웨이 소방초소,김포,Gimpo-Local,37.632500,126.684000,,,pending,,김포 소방 1차 검수 대기,,,,,,,,
KP-FI-012,장기동 소방 CCTV-2,경기 김포시 장기동 한강파크웨이 소방초소,김포,Gimpo-Local,37.632500,126.684000,,,pending,,김포 소방 1차 검수 대기,,,,,,,,
KP-FI-013,운양동 소방 CCTV-1,경기 김포시 운양동 운양119안전센터,김포,Gimpo-Local,37.621000,126.682000,,,pending,,김포 소방 1차 검수 대기,,,,,,,,
KP-FI-014,운양동 소방 CCTV-2,경기 김포시 운양동 운양119안전센터,김포,Gimpo-Local,37.621000,126.682000,,,pending,,김포 소방 1차 검수 대기,,,,,,,,
KP-FI-015,구래동 소방 CCTV-1,경기 김포시 구래동 한강신도시 소방초소,김포,Gimpo-Local,37.638000,126.674000,,,pending,,김포 소방 1차 검수 대기,,,,,,,,
KP-FI-016,구래동 소방 CCTV-2,경기 김포시 구래동 한강신도시 소방초소,김포,Gimpo-Local,37.638000,126.674000,,,pending,,김포 소방 1차 검수 대기,,,,,,,,
KP-FI-017,마산동 소방 CCTV-1,경기 김포시 마산동 마산소방초소,김포,Gimpo-Local,37.650500,126.678500,,,pending,,김포 소방 1차 검수 대기,,,,,,,,
KP-FI-018,마산동 소방 CCTV-2,경기 김포시 마산동 마산소방초소,김포,Gimpo-Local,37.650500,126.678500,,,pending,,김포 소방 1차 검수 대기,,,,,,,,
KP-FI-019,대곶면 소방 CCTV-1,경기 김포시 대곶면 대곶119안전센터,김포,Gimpo-Local,37.649800,126.569800,,,pending,,김포 소방 1차 검수 대기,,,,,,,,
KP-FI-020,대곶면 소방 CCTV-2,경기 김포시 대곶면 대곶119안전센터,김포,Gimpo-Local,37.649800,126.569800,,,pending,,김포 소방 1차 검수 대기,,,,,,,,
KP-FI-021,월곶면 소방 CCTV-1,경기 김포시 월곶면 월곶119안전센터,김포,Gimpo-Local,37.714000,126.612000,,,pending,,김포 소방 1차 검수 대기,,,,,,,,
KP-FI-022,월곶면 소방 CCTV-2,경기 김포시 월곶면 월곶119안전센터,김포,Gimpo-Local,37.714000,126.612000,,,pending,,김포 소방 1차 검수 대기,,,,,,,,
KP-FI-023,하성면 소방 CCTV-1,경기 김포시 하성면 하성119안전센터,김포,Gimpo-Local,37.721800,126.671200,,,pending,,김포 소방 1차 검수 대기,,,,,,,,
KP-FI-024,하성면 소방 CCTV-2,경기 김포시 하성면 하성119안전센터,김포,Gimpo-Local,37.721800,126.671200,,,pending,,김포 소방 1차 검수 대기,,,,,,,,
KP-FI-025,걸포동 소방 CCTV-1,경기 김포시 걸포동 걸포119,김포,Gimpo-Local,37.625800,126.707000,,,pending,,김포 소방 1차 검수 대기,,,,,,,,
KP-FI-026,걸포동 소방 CCTV-2,경기 김포시 걸포동 걸포119,김포,Gimpo-Local,37.625800,126.707000,,,pending,,김포 소방 1차 검수 대기,,,,,,,,
KP-FI-027,감정동 소방 CCTV-1,경기 김포시 감정동 감정소방초소,김포,Gimpo-Local,37.613100,126.693500,,,pending,,김포 소방 1차 검수 대기,,,,,,,,
KP-FI-028,감정동 소방 CCTV-2,경기 김포시 감정동 감정소방초소,김포,Gimpo-Local,37.613100,126.693500,,,pending,,김포 소방 1차 검수 대기,,,,,,,,
KP-FI-029,북변동 소방 CCTV-1,경기 김포시 북변동 북변소방초소,김포,Gimpo-Local,37.617800,126.718000,,,pending,,김포 소방 1차 검수 대기,,,,,,,,
KP-FI-030,북변동 소방 CCTV-2,경기 김포시 북변동 북변소방초소,김포,Gimpo-Local,37.617800,126.718000,,,pending,,김포 소방 1차 검수 대기,,,,,,,,
IC-CR-001,부평구 부개동 방범 CCTV-1,인천 부평구 부개동 부개로 50,인천,Incheon-Local,37.505200,126.723100,37.5050570,126.7235880,active,행정안전부_CCTV정보 조회서비스,"P1 수동 승인 승격, mng=202435400000802119, score=216, dist=46m, source=site+row, checked=P1 추천 승인",202435400000802119,인천광역시 부평구청,생활방범,인천광역시 부평구 신트리로22번길 15,46,216,3,semi_auto_review
IC-CR-002,부평구 부개동 방범 CCTV-2,인천 부평구 부개동 부개로 50,인천,Incheon-Local,37.505200,126.723100,37.5050570,126.7235880,active,행정안전부_CCTV정보 조회서비스,"P1 수동 승인 승격, mng=202435400000802119, score=216, dist=46m, source=site+row, checked=P1 추천 승인",202435400000802119,인천광역시 부평구청,생활방범,인천광역시 부평구 신트리로22번길 15,46,216,3,semi_auto_review
IC-CR-003,부평구 부개동 방범 CCTV-3,인천 부평구 부개동 부개로 50,인천,Incheon-Local,37.505200,126.723100,37.5050570,126.7235880,active,행정안전부_CCTV정보 조회서비스,"P1 수동 승인 승격, mng=202435400000802119, score=216, dist=46m, source=site+row, checked=P1 추천 승인",202435400000802119,인천광역시 부평구청,생활방범,인천광역시 부평구 신트리로22번길 15,46,216,3,semi_auto_review
IC-CR-004,부평구 갈산동 방범 CCTV-1,인천 부평구 갈산동 갈산로 80,인천,Incheon-Local,37.510100,126.728800,37.5101780,126.7288840,active,행정안전부_CCTV정보 조회서비스,"P1 수동 승인 승격, mng=202435400000802605, score=216, dist=11m, source=site+row, checked=P1 추천 승인",202435400000802605,인천광역시 부평구청,생활방범,인천광역시 부평구 갈월동로 33,11,216,3,semi_auto_review
IC-CR-005,부평구 갈산동 방범 CCTV-2,인천 부평구 갈산동 갈산로 80,인천,Incheon-Local,37.510100,126.728800,37.5101780,126.7288840,active,행정안전부_CCTV정보 조회서비스,"P1 수동 승인 승격, mng=202435400000802605, score=216, dist=11m, source=site+row, checked=P1 추천 승인",202435400000802605,인천광역시 부평구청,생활방범,인천광역시 부평구 갈월동로 33,11,216,3,semi_auto_review
IC-CR-006,부평구 갈산동 방범 CCTV-3,인천 부평구 갈산동 갈산로 80,인천,Incheon-Local,37.510100,126.728800,37.5101780,126.7288840,active,행정안전부_CCTV정보 조회서비스,"P1 수동 승인 승격, mng=202435400000802605, score=216, dist=11m, source=site+row, checked=P1 추천 승인",202435400000802605,인천광역시 부평구청,생활방범,인천광역시 부평구 갈월동로 33,11,216,3,semi_auto_review
IC-CR-007,부평구 산곡동 방범 CCTV-1,인천 부평구 산곡동 산곡로 120,인천,Incheon-Local,37.518800,126.715200,37.5183172,126.7159101,review_needed,행정안전부_CCTV정보 조회서비스,"반자동 검토 대기 (mng=202435400000801780, score=169, dist=82m)",202435400000801780,인천광역시 부평구청,생활방범,인천광역시 부평구 새벌로 14,82,169,1,semi_auto_review
IC-CR-008,부평구 산곡동 방범 CCTV-2,인천 부평구 산곡동 산곡로 120,인천,Incheon-Local,37.518800,126.715200,37.5183172,126.7159101,review_needed,행정안전부_CCTV정보 조회서비스,"반자동 검토 대기 (mng=202435400000801780, score=169, dist=82m)",202435400000801780,인천광역시 부평구청,생활방범,인천광역시 부평구 새벌로 14,82,169,1,semi_auto_review
IC-CR-009,부평구 산곡동 방범 CCTV-3,인천 부평구 산곡동 산곡로 120,인천,Incheon-Local,37.518800,126.715200,37.5183172,126.7159101,review_needed,행정안전부_CCTV정보 조회서비스,"반자동 검토 대기 (mng=202435400000801780, score=169, dist=82m)",202435400000801780,인천광역시 부평구청,생활방범,인천광역시 부평구 새벌로 14,82,169,1,semi_auto_review
IC-CR-010,부평구 청천동 방범 CCTV-1,인천 부평구 청천동 청천로 45,인천,Incheon-Local,37.524900,126.719800,37.5253400,126.7203360,review_needed,행정안전부_CCTV정보 조회서비스,"반자동 검토 대기 (mng=202535500000800243, score=167, dist=68m)",202535500000800243,인천광역시 계양구청,생활방범,인천광역시 계양구 아나지로 254,68,167,3,semi_auto_review
IC-CR-011,부평구 청천동 방범 CCTV-2,인천 부평구 청천동 청천로 45,인천,Incheon-Local,37.524900,126.719800,37.5253400,126.7203360,review_needed,행정안전부_CCTV정보 조회서비스,"반자동 검토 대기 (mng=202535500000800243, score=167, dist=68m)",202535500000800243,인천광역시 계양구청,생활방범,인천광역시 계양구 아나지로 254,68,167,3,semi_auto_review
IC-CR-012,부평구 청천동 방범 CCTV-3,인천 부평구 청천동 청천로 45,인천,Incheon-Local,37.524900,126.719800,37.5253400,126.7203360,review_needed,행정안전부_CCTV정보 조회서비스,"반자동 검토 대기 (mng=202535500000800243, score=167, dist=68m)",202535500000800243,인천광역시 계양구청,생활방범,인천광역시 계양구 아나지로 254,68,167,3,semi_auto_review
IC-CR-013,부평구 부평동 방범 CCTV-1,인천 부평구 부평대로 168,인천,Incheon-Local,37.496000,126.721900,37.4962582,126.7216995,active,행정안전부_CCTV정보 조회서비스,"P1 수동 승인 승격, mng=202435400000801742, score=194, dist=34m, source=row, checked=manual approval per user instruction",202435400000801742,인천광역시 부평구청,생활방범,인천광역시 부평구 부평문화로53번길 49,34,194,1,semi_auto_review
IC-CR-014,부평구 부평동 방범 CCTV-2,인천 부평구 부평대로 168,인천,Incheon-Local,37.496000,126.721900,37.4962582,126.7216995,review_needed,행정안전부_CCTV정보 조회서비스,"반자동 검토 대기 (mng=202435400000801742, score=194, dist=34m)",202435400000801742,인천광역시 부평구청,생활방범,인천광역시 부평구 부평문화로53번길 49,34,194,1,semi_auto_review
IC-CR-015,부평구 부평동 방범 CCTV-3,인천 부평구 부평대로 168,인천,Incheon-Local,37.496000,126.721900,37.4962582,126.7216995,review_needed,행정안전부_CCTV정보 조회서비스,"반자동 검토 대기 (mng=202435400000801742, score=194, dist=34m)",202435400000801742,인천광역시 부평구청,생활방범,인천광역시 부평구 부평문화로53번길 49,34,194,1,semi_auto_review
IC-CR-016,부평구 십정동 방범 CCTV-1,인천 부평구 십정동 십정로 33,인천,Incheon-Local,37.498500,126.718500,37.4989080,126.7188330,active,행정안전부_CCTV정보 조회서비스,"P1 수동 승인 승격, mng=202435400000802017, score=194, dist=54m, source=row, checked=manual approval per user instruction",202435400000802017,인천광역시 부평구청,생활방범,인천광역시 부평구 부흥로 245,54,194,2,semi_auto_review
IC-CR-017,부평구 십정동 방범 CCTV-2,인천 부평구 십정동 십정로 33,인천,Incheon-Local,37.498500,126.718500,37.4989080,126.7188330,review_needed,행정안전부_CCTV정보 조회서비스,"반자동 검토 대기 (mng=202435400000802017, score=194, dist=54m)",202435400000802017,인천광역시 부평구청,생활방범,인천광역시 부평구 부흥로 245,54,194,2,semi_auto_review
IC-CR-018,부평구 십정동 방범 CCTV-3,인천 부평구 십정동 십정로 33,인천,Incheon-Local,37.498500,126.718500,37.4989080,126.7188330,review_needed,행정안전부_CCTV정보 조회서비스,"반자동 검토 대기 (mng=202435400000802017, score=194, dist=54m)",202435400000802017,인천광역시 부평구청,생활방범,인천광역시 부평구 부흥로 245,54,194,2,semi_auto_review
IC-CR-019,부평구 삼산동 방범 CCTV-1,인천 부평구 삼산동 삼산로 90,인천,Incheon-Local,37.514500,126.731200,37.5160540,126.7331720,review_needed,행정안전부_CCTV정보 조회서비스,"반자동 검토 대기 (mng=202435400000802641, score=171, dist=245m)",202435400000802641,인천광역시 부평구청,생활방범,인천광역시 부평구,245,171,4,semi_auto_review
IC-CR-020,부평구 삼산동 방범 CCTV-2,인천 부평구 삼산동 삼산로 90,인천,Incheon-Local,37.514500,126.731200,37.5160540,126.7331720,review_needed,행정안전부_CCTV정보 조회서비스,"반자동 검토 대기 (mng=202435400000802641, score=171, dist=245m)",202435400000802641,인천광역시 부평구청,생활방범,인천광역시 부평구,245,171,4,semi_auto_review
IC-CR-021,부평구 삼산동 방범 CCTV-3,인천 부평구 삼산동 삼산로 90,인천,Incheon-Local,37.514500,126.731200,37.5160540,126.7331720,review_needed,행정안전부_CCTV정보 조회서비스,"반자동 검토 대기 (mng=202435400000802641, score=171, dist=245m)",202435400000802641,인천광역시 부평구청,생활방범,인천광역시 부평구,245,171,4,semi_auto_review
IC-CR-022,부평구 부평4동 방범 CCTV-1,인천 부평구 부평4동 경인로 22,인천,Incheon-Local,37.492100,126.726800,37.4924010,126.7275320,active,행정안전부_CCTV정보 조회서비스,"P1 수동 승인 승격, mng=202435400000802530, score=194, dist=73m, source=row, checked=manual approval per user instruction",202435400000802530,인천광역시 부평구청,생활방범,인천광역시 부평구 대정로82번길 11,73,194,2,semi_auto_review
IC-CR-023,부평구 부평4동 방범 CCTV-2,인천 부평구 부평4동 경인로 22,인천,Incheon-Local,37.492100,126.726800,37.4924010,126.7275320,review_needed,행정안전부_CCTV정보 조회서비스,"반자동 검토 대기 (mng=202435400000802530, score=194, dist=73m)",202435400000802530,인천광역시 부평구청,생활방범,인천광역시 부평구 대정로82번길 11,73,194,2,semi_auto_review
IC-CR-024,부평구 부평4동 방범 CCTV-3,인천 부평구 부평4동 경인로 22,인천,Incheon-Local,37.492100,126.726800,37.4924010,126.7275320,review_needed,행정안전부_CCTV정보 조회서비스,"반자동 검토 대기 (mng=202435400000802530, score=194, dist=73m)",202435400000802530,인천광역시 부평구청,생활방범,인천광역시 부평구 대정로82번길 11,73,194,2,semi_auto_review
IC-CR-025,미추홀구 주안동 방범 CCTV-1,인천 미추홀구 주안동 경인로 80,인천,Incheon-Local,37.469800,126.672800,37.4700000,126.6700000,review_needed,행정안전부_CCTV정보 조회서비스,"반자동 검토 대기 (mng=202535105000802431, score=149, dist=248m)",202535105000802431,인천광역시 미추홀구청,생활방범,인천광역시 미추홀구 길파로41번길 79,248,149,1,semi_auto_review
IC-CR-026,미추홀구 주안동 방범 CCTV-2,인천 미추홀구 주안동 경인로 80,인천,Incheon-Local,37.469800,126.672800,37.4700000,126.6700000,review_needed,행정안전부_CCTV정보 조회서비스,"반자동 검토 대기 (mng=202535105000802431, score=149, dist=248m)",202535105000802431,인천광역시 미추홀구청,생활방범,인천광역시 미추홀구 길파로41번길 79,248,149,1,semi_auto_review
IC-CR-027,미추홀구 주안동 방범 CCTV-3,인천 미추홀구 주안동 경인로 80,인천,Incheon-Local,37.469800,126.672800,37.4700000,126.6700000,review_needed,행정안전부_CCTV정보 조회서비스,"반자동 검토 대기 (mng=202535105000802431, score=149, dist=248m)",202535105000802431,인천광역시 미추홀구청,생활방범,인천광역시 미추홀구 길파로41번길 79,248,149,1,semi_auto_review
IC-CR-028,미추홀구 도화동 방범 CCTV-1,인천 미추홀구 도화동 도화대로 50,인천,Incheon-Local,37.461200,126.658900,37.4610000,126.6600000,review_needed,행정안전부_CCTV정보 조회서비스,"반자동 검토 대기 (mng=202535105000801500, score=169, dist=100m)",202535105000801500,인천광역시 미추홀구청,생활방범,인천광역시 미추홀구 경인로252번길 45,100,169,1,semi_auto_review
IC-CR-029,미추홀구 도화동 방범 CCTV-2,인천 미추홀구 도화동 도화대로 50,인천,Incheon-Local,37.461200,126.658900,37.4610000,126.6600000,review_needed,행정안전부_CCTV정보 조회서비스,"반자동 검토 대기 (mng=202535105000801500, score=169, dist=100m)",202535105000801500,인천광역시 미추홀구청,생활방범,인천광역시 미추홀구 경인로252번길 45,100,169,1,semi_auto_review
IC-CR-030,미추홀구 도화동 방범 CCTV-3,인천 미추홀구 도화동 도화대로 50,인천,Incheon-Local,37.461200,126.658900,37.4610000,126.6600000,review_needed,행정안전부_CCTV정보 조회서비스,"반자동 검토 대기 (mng=202535105000801500, score=169, dist=100m)",202535105000801500,인천광역시 미추홀구청,생활방범,인천광역시 미추홀구 경인로252번길 45,100,169,1,semi_auto_review
IC-CR-031,미추홀구 학익동 방범 CCTV-1,인천 미추홀구 학익동 학익로 40,인천,Incheon-Local,37.442100,126.663100,37.4420000,126.6600000,review_needed,행정안전부_CCTV정보 조회서비스,"반자동 검토 대기 (mng=202535105000801297, score=149, dist=274m)",202535105000801297,인천광역시 미추홀구청,생활방범,인천광역시 미추홀구 한나루로404번길 23,274,149,1,semi_auto_review
IC-CR-032,미추홀구 학익동 방범 CCTV-2,인천 미추홀구 학익동 학익로 40,인천,Incheon-Local,37.442100,126.663100,37.4420000,126.6600000,review_needed,행정안전부_CCTV정보 조회서비스,"반자동 검토 대기 (mng=202535105000801297, score=149, dist=274m)",202535105000801297,인천광역시 미추홀구청,생활방범,인천광역시 미추홀구 한나루로404번길 23,274,149,1,semi_auto_review
IC-CR-033,미추홀구 학익동 방범 CCTV-3,인천 미추홀구 학익동 학익로 40,인천,Incheon-Local,37.442100,126.663100,37.4420000,126.6600000,review_needed,행정안전부_CCTV정보 조회서비스,"반자동 검토 대기 (mng=202535105000801297, score=149, dist=274m)",202535105000801297,인천광역시 미추홀구청,생활방범,인천광역시 미추홀구 한나루로404번길 23,274,149,1,semi_auto_review
IC-CR-034,미추홀구 용현동 방범 CCTV-1,인천 미추홀구 용현동 용현로 60,인천,Incheon-Local,37.456400,126.651600,37.4560000,126.6500000,review_needed,행정안전부_CCTV정보 조회서비스,"반자동 검토 대기 (mng=202535105000800840, score=169, dist=148m)",202535105000800840,인천광역시 미추홀구청,생활방범,인천광역시 미추홀구 인주대로128번길 7-10,148,169,1,semi_auto_review
IC-CR-035,미추홀구 용현동 방범 CCTV-2,인천 미추홀구 용현동 용현로 60,인천,Incheon-Local,37.456400,126.651600,37.4560000,126.6500000,review_needed,행정안전부_CCTV정보 조회서비스,"반자동 검토 대기 (mng=202535105000800840, score=169, dist=148m)",202535105000800840,인천광역시 미추홀구청,생활방범,인천광역시 미추홀구 인주대로128번길 7-10,148,169,1,semi_auto_review
IC-CR-036,미추홀구 용현동 방범 CCTV-3,인천 미추홀구 용현동 용현로 60,인천,Incheon-Local,37.456400,126.651600,37.4560000,126.6500000,review_needed,행정안전부_CCTV정보 조회서비스,"반자동 검토 대기 (mng=202535105000800840, score=169, dist=148m)",202535105000800840,인천광역시 미추홀구청,생활방범,인천광역시 미추홀구 인주대로128번길 7-10,148,169,1,semi_auto_review
IC-CR-037,미추홀구 관교동 방범 CCTV-1,인천 미추홀구 관교동 소성로 100,인천,Incheon-Local,37.451200,126.648100,37.4510000,126.6500000,review_needed,행정안전부_CCTV정보 조회서비스,"반자동 검토 대기 (mng=202535105000800592, score=149, dist=169m)",202535105000800592,인천광역시 미추홀구청,생활방범,인천광역시 미추홀구 인하로 67,169,149,1,semi_auto_review
IC-CR-038,미추홀구 관교동 방범 CCTV-2,인천 미추홀구 관교동 소성로 100,인천,Incheon-Local,37.451200,126.648100,37.4510000,126.6500000,review_needed,행정안전부_CCTV정보 조회서비스,"반자동 검토 대기 (mng=202535105000800592, score=149, dist=169m)",202535105000800592,인천광역시 미추홀구청,생활방범,인천광역시 미추홀구 인하로 67,169,149,1,semi_auto_review
IC-CR-039,미추홀구 관교동 방범 CCTV-3,인천 미추홀구 관교동 소성로 100,인천,Incheon-Local,37.451200,126.648100,37.4510000,126.6500000,review_needed,행정안전부_CCTV정보 조회서비스,"반자동 검토 대기 (mng=202535105000800592, score=149, dist=169m)",202535105000800592,인천광역시 미추홀구청,생활방범,인천광역시 미추홀구 인하로 67,169,149,1,semi_auto_review
IC-CR-040,미추홀구 숭의동 방범 CCTV-1,인천 미추홀구 숭의동 숭의로 30,인천,Incheon-Local,37.467200,126.641200,37.4670000,126.6400000,review_needed,행정안전부_CCTV정보 조회서비스,"반자동 검토 대기 (mng=202535105000800046, score=169, dist=108m)",202535105000800046,인천광역시 미추홀구청,생활방범,인천광역시 미추홀구 석정로 94,108,169,1,semi_auto_review
IC-CR-041,미추홀구 숭의동 방범 CCTV-2,인천 미추홀구 숭의동 숭의로 30,인천,Incheon-Local,37.467200,126.641200,37.4670000,126.6400000,review_needed,행정안전부_CCTV정보 조회서비스,"반자동 검토 대기 (mng=202535105000800046, score=169, dist=108m)",202535105000800046,인천광역시 미추홀구청,생활방범,인천광역시 미추홀구 석정로 94,108,169,1,semi_auto_review
IC-CR-042,미추홀구 숭의동 방범 CCTV-3,인천 미추홀구 숭의동 숭의로 30,인천,Incheon-Local,37.467200,126.641200,37.4670000,126.6400000,review_needed,행정안전부_CCTV정보 조회서비스,"반자동 검토 대기 (mng=202535105000800046, score=169, dist=108m)",202535105000800046,인천광역시 미추홀구청,생활방범,인천광역시 미추홀구 석정로 94,108,169,1,semi_auto_review
IC-CR-043,연수구 송도동 방범 CCTV-1,인천 연수구 송도동 국제대로 150,인천,Incheon-Local,37.389400,126.639000,,,pending,,인천 방범 1차 검수 대기,,,,,,,,
IC-CR-044,연수구 송도동 방범 CCTV-2,인천 연수구 송도동 국제대로 150,인천,Incheon-Local,37.389400,126.639000,,,pending,,인천 방범 1차 검수 대기,,,,,,,,
IC-CR-045,연수구 송도동 방범 CCTV-3,인천 연수구 송도동 국제대로 150,인천,Incheon-Local,37.389400,126.639000,,,pending,,인천 방범 1차 검수 대기,,,,,,,,
IC-CR-046,연수구 송도1동 방범 CCTV-1,인천 연수구 송도1동 아트센터대로 80,인천,Incheon-Local,37.393200,126.642500,37.3959100,126.6620000,review_needed,행정안전부_CCTV정보 조회서비스,"반자동 검토 대기 (mng=202535200000800993, score=74, dist=1749m)",202535200000800993,인천광역시 연수구,생활방범,인천광역시 연수구 아암대로 815,1749,74,1,semi_auto_review
IC-CR-047,연수구 송도1동 방범 CCTV-2,인천 연수구 송도1동 아트센터대로 80,인천,Incheon-Local,37.393200,126.642500,37.3959100,126.6620000,review_needed,행정안전부_CCTV정보 조회서비스,"반자동 검토 대기 (mng=202535200000800993, score=74, dist=1749m)",202535200000800993,인천광역시 연수구,생활방범,인천광역시 연수구 아암대로 815,1749,74,1,semi_auto_review
IC-CR-048,연수구 송도1동 방범 CCTV-3,인천 연수구 송도1동 아트센터대로 80,인천,Incheon-Local,37.393200,126.642500,37.3959100,126.6620000,review_needed,행정안전부_CCTV정보 조회서비스,"반자동 검토 대기 (mng=202535200000800993, score=74, dist=1749m)",202535200000800993,인천광역시 연수구,생활방범,인천광역시 연수구 아암대로 815,1749,74,1,semi_auto_review
IC-CR-049,연수구 청학동 방범 CCTV-1,인천 연수구 청학동 청학로 28,인천,Incheon-Local,37.410300,126.678600,37.4121800,126.6797000,review_needed,행정안전부_CCTV정보 조회서비스,"반자동 검토 대기 (mng=202535200000800397, score=144, dist=231m)",202535200000800397,인천광역시 연수구,생활방범,인천광역시 연수구 샘말로30번길 20,231,144,1,semi_auto_review
IC-CR-050,연수구 청학동 방범 CCTV-2,인천 연수구 청학동 청학로 28,인천,Incheon-Local,37.410300,126.678600,37.4121800,126.6797000,review_needed,행정안전부_CCTV정보 조회서비스,"반자동 검토 대기 (mng=202535200000800397, score=144, dist=231m)",202535200000800397,인천광역시 연수구,생활방범,인천광역시 연수구 샘말로30번길 20,231,144,1,semi_auto_review
IC-CR-051,연수구 청학동 방범 CCTV-3,인천 연수구 청학동 청학로 28,인천,Incheon-Local,37.410300,126.678600,37.4121800,126.6797000,review_needed,행정안전부_CCTV정보 조회서비스,"반자동 검토 대기 (mng=202535200000800397, score=144, dist=231m)",202535200000800397,인천광역시 연수구,생활방범,인천광역시 연수구 샘말로30번길 20,231,144,1,semi_auto_review
IC-CR-052,연수구 연수동 방범 CCTV-1,인천 연수구 연수동 연수로 120,인천,Incheon-Local,37.418500,126.669800,37.4192100,126.6703000,review_needed,행정안전부_CCTV정보 조회서비스,"반자동 검토 대기 (mng=202535200000801316, score=164, dist=90m)",202535200000801316,인천광역시 연수구,생활방범,인천광역시 연수구 청능대로23번길 30,90,164,1,semi_auto_review
IC-CR-053,연수구 연수동 방범 CCTV-2,인천 연수구 연수동 연수로 120,인천,Incheon-Local,37.418500,126.669800,37.4192100,126.6703000,review_needed,행정안전부_CCTV정보 조회서비스,"반자동 검토 대기 (mng=202535200000801316, score=164, dist=90m)",202535200000801316,인천광역시 연수구,생활방범,인천광역시 연수구 청능대로23번길 30,90,164,1,semi_auto_review
IC-CR-054,연수구 연수동 방범 CCTV-3,인천 연수구 연수동 연수로 120,인천,Incheon-Local,37.418500,126.669800,37.4192100,126.6703000,review_needed,행정안전부_CCTV정보 조회서비스,"반자동 검토 대기 (mng=202535200000801316, score=164, dist=90m)",202535200000801316,인천광역시 연수구,생활방범,인천광역시 연수구 청능대로23번길 30,90,164,1,semi_auto_review
IC-CR-055,연수구 옥련동 방범 CCTV-1,인천 연수구 옥련동 옥련로 55,인천,Incheon-Local,37.423100,126.661200,37.4252400,126.6607000,review_needed,행정안전부_CCTV정보 조회서비스,"반자동 검토 대기 (mng=202535200000800517, score=144, dist=242m)",202535200000800517,인천광역시 연수구,생활방범,인천광역시 연수구 비류대로232번길 50,242,144,1,semi_auto_review
IC-CR-056,연수구 옥련동 방범 CCTV-2,인천 연수구 옥련동 옥련로 55,인천,Incheon-Local,37.423100,126.661200,37.4252400,126.6607000,review_needed,행정안전부_CCTV정보 조회서비스,"반자동 검토 대기 (mng=202535200000800517, score=144, dist=242m)",202535200000800517,인천광역시 연수구,생활방범,인천광역시 연수구 비류대로232번길 50,242,144,1,semi_auto_review
IC-CR-057,연수구 옥련동 방범 CCTV-3,인천 연수구 옥련동 옥련로 55,인천,Incheon-Local,37.423100,126.661200,37.4252400,126.6607000,review_needed,행정안전부_CCTV정보 조회서비스,"반자동 검토 대기 (mng=202535200000800517, score=144, dist=242m)",202535200000800517,인천광역시 연수구,생활방범,인천광역시 연수구 비류대로232번길 50,242,144,1,semi_auto_review
IC-CR-058,연수구 동춘동 방범 CCTV-1,인천 연수구 동춘동 동춘로 70,인천,Incheon-Local,37.402100,126.682100,37.4033700,126.6813000,review_needed,행정안전부_CCTV정보 조회서비스,"반자동 검토 대기 (mng=202535200000800990, score=144, dist=158m)",202535200000800990,인천광역시 연수구,생활방범,인천광역시 연수구 앵고개로 345-30,158,144,1,semi_auto_review
IC-CR-059,연수구 동춘동 방범 CCTV-2,인천 연수구 동춘동 동춘로 70,인천,Incheon-Local,37.402100,126.682100,37.4033700,126.6813000,review_needed,행정안전부_CCTV정보 조회서비스,"반자동 검토 대기 (mng=202535200000800990, score=144, dist=158m)",202535200000800990,인천광역시 연수구,생활방범,인천광역시 연수구 앵고개로 345-30,158,144,1,semi_auto_review
IC-CR-060,연수구 동춘동 방범 CCTV-3,인천 연수구 동춘동 동춘로 70,인천,Incheon-Local,37.402100,126.682100,37.4033700,126.6813000,review_needed,행정안전부_CCTV정보 조회서비스,"반자동 검토 대기 (mng=202535200000800990, score=144, dist=158m)",202535200000800990,인천광역시 연수구,생활방범,인천광역시 연수구 앵고개로 345-30,158,144,1,semi_auto_review
IC-CR-061,연수구 선학동 방범 CCTV-1,인천 연수구 선학동 선학로 45,인천,Incheon-Local,37.428100,126.675100,37.4258100,126.6733000,review_needed,행정안전부_CCTV정보 조회서비스,"반자동 검토 대기 (mng=202535200000800369, score=144, dist=300m)",202535200000800369,인천광역시 연수구,생활방범,인천광역시 연수구 비류대로347번길 19,300,144,1,semi_auto_review
IC-CR-062,연수구 선학동 방범 CCTV-2,인천 연수구 선학동 선학로 45,인천,Incheon-Local,37.428100,126.675100,37.4258100,126.6733000,review_needed,행정안전부_CCTV정보 조회서비스,"반자동 검토 대기 (mng=202535200000800369, score=144, dist=300m)",202535200000800369,인천광역시 연수구,생활방범,인천광역시 연수구 비류대로347번길 19,300,144,1,semi_auto_review
IC-CR-063,연수구 선학동 방범 CCTV-3,인천 연수구 선학동 선학로 45,인천,Incheon-Local,37.428100,126.675100,37.4258100,126.6733000,review_needed,행정안전부_CCTV정보 조회서비스,"반자동 검토 대기 (mng=202535200000800369, score=144, dist=300m)",202535200000800369,인천광역시 연수구,생활방범,인천광역시 연수구 비류대로347번길 19,300,144,1,semi_auto_review
IC-CR-064,남동구 구월동 방범 CCTV-1,인천 남동구 구월동 예술로 200,인천,Incheon-Local,37.456300,126.705200,37.4582080,126.7044230,review_needed,행정안전부_CCTV정보 조회서비스,"반자동 검토 대기 (mng=202535300000801110, score=171, dist=223m)",202535300000801110,인천광역시 남동구청,생활방범,인천광역시 남동구 예술로268번길 40,223,171,3,semi_auto_review
IC-CR-065,남동구 구월동 방범 CCTV-2,인천 남동구 구월동 예술로 200,인천,Incheon-Local,37.456300,126.705200,37.4582080,126.7044230,review_needed,행정안전부_CCTV정보 조회서비스,"반자동 검토 대기 (mng=202535300000801110, score=171, dist=223m)",202535300000801110,인천광역시 남동구청,생활방범,인천광역시 남동구 예술로268번길 40,223,171,3,semi_auto_review
IC-CR-066,남동구 구월동 방범 CCTV-3,인천 남동구 구월동 예술로 200,인천,Incheon-Local,37.456300,126.705200,37.4582080,126.7044230,review_needed,행정안전부_CCTV정보 조회서비스,"반자동 검토 대기 (mng=202535300000801110, score=171, dist=223m)",202535300000801110,인천광역시 남동구청,생활방범,인천광역시 남동구 예술로268번길 40,223,171,3,semi_auto_review
IC-CR-067,남동구 간석동 방범 CCTV-1,인천 남동구 간석동 인주대로 80,인천,Incheon-Local,37.472100,126.708500,37.4730150,126.7108530,review_needed,행정안전부_CCTV정보 조회서비스,"반자동 검토 대기 (mng=202535300000801361, score=171, dist=231m)",202535300000801361,인천광역시 남동구청,생활방범,인천광역시 남동구 경인로742번길 73,231,171,3,semi_auto_review
IC-CR-068,남동구 간석동 방범 CCTV-2,인천 남동구 간석동 인주대로 80,인천,Incheon-Local,37.472100,126.708500,37.4730150,126.7108530,review_needed,행정안전부_CCTV정보 조회서비스,"반자동 검토 대기 (mng=202535300000801361, score=171, dist=231m)",202535300000801361,인천광역시 남동구청,생활방범,인천광역시 남동구 경인로742번길 73,231,171,3,semi_auto_review
IC-CR-069,남동구 간석동 방범 CCTV-3,인천 남동구 간석동 인주대로 80,인천,Incheon-Local,37.472100,126.708500,37.4730150,126.7108530,review_needed,행정안전부_CCTV정보 조회서비스,"반자동 검토 대기 (mng=202535300000801361, score=171, dist=231m)",202535300000801361,인천광역시 남동구청,생활방범,인천광역시 남동구 경인로742번길 73,231,171,3,semi_auto_review
IC-CR-070,남동구 만수동 방범 CCTV-1,인천 남동구 만수동 만수로 55,인천,Incheon-Local,37.448000,126.719800,37.4479500,126.7199460,active,행정안전부_CCTV정보 조회서비스,"P1 수동 승인 승격, mng=202535300000800319, score=194, dist=14m, source=row, checked=manual approval per user instruction",202535300000800319,인천광역시 남동구청,생활방범,인천광역시 남동구 인주대로748번길 20,14,194,1,semi_auto_review
IC-CR-071,남동구 만수동 방범 CCTV-2,인천 남동구 만수동 만수로 55,인천,Incheon-Local,37.448000,126.719800,37.4479500,126.7199460,review_needed,행정안전부_CCTV정보 조회서비스,"반자동 검토 대기 (mng=202535300000800319, score=194, dist=14m)",202535300000800319,인천광역시 남동구청,생활방범,인천광역시 남동구 인주대로748번길 20,14,194,1,semi_auto_review
IC-CR-072,남동구 만수동 방범 CCTV-3,인천 남동구 만수동 만수로 55,인천,Incheon-Local,37.448000,126.719800,37.4479500,126.7199460,review_needed,행정안전부_CCTV정보 조회서비스,"반자동 검토 대기 (mng=202535300000800319, score=194, dist=14m)",202535300000800319,인천광역시 남동구청,생활방범,인천광역시 남동구 인주대로748번길 20,14,194,1,semi_auto_review
IC-CR-073,남동구 논현동 방범 CCTV-1,인천 남동구 논현동 소래역로 120,인천,Incheon-Local,37.435000,126.731200,37.4346570,126.7355270,review_needed,행정안전부_CCTV정보 조회서비스,"반자동 검토 대기 (mng=202535300000801194, score=151, dist=384m)",202535300000801194,인천광역시 남동구청,생활방범,인천광역시 남동구 소래로 500,384,151,3,semi_auto_review
IC-CR-074,남동구 논현동 방범 CCTV-2,인천 남동구 논현동 소래역로 120,인천,Incheon-Local,37.435000,126.731200,37.4346570,126.7355270,review_needed,행정안전부_CCTV정보 조회서비스,"반자동 검토 대기 (mng=202535300000801194, score=151, dist=384m)",202535300000801194,인천광역시 남동구청,생활방범,인천광역시 남동구 소래로 500,384,151,3,semi_auto_review
IC-CR-075,남동구 논현동 방범 CCTV-3,인천 남동구 논현동 소래역로 120,인천,Incheon-Local,37.435000,126.731200,37.4346570,126.7355270,review_needed,행정안전부_CCTV정보 조회서비스,"반자동 검토 대기 (mng=202535300000801194, score=151, dist=384m)",202535300000801194,인천광역시 남동구청,생활방범,인천광역시 남동구 소래로 500,384,151,3,semi_auto_review
IC-CR-076,남동구 소래포구 방범 CCTV-1,인천 남동구 소래동 소래포구로 30,인천,Incheon-Local,37.423100,126.742100,37.4221100,126.7513050,review_needed,행정안전부_CCTV정보 조회서비스,"반자동 검토 대기 (mng=202535300000801242, score=126, dist=820m)",202535300000801242,인천광역시 남동구청,생활방범,인천광역시 남동구 서창남로 17,820,126,3,semi_auto_review
IC-CR-077,남동구 소래포구 방범 CCTV-2,인천 남동구 소래동 소래포구로 30,인천,Incheon-Local,37.423100,126.742100,37.4221100,126.7513050,review_needed,행정안전부_CCTV정보 조회서비스,"반자동 검토 대기 (mng=202535300000801242, score=126, dist=820m)",202535300000801242,인천광역시 남동구청,생활방범,인천광역시 남동구 서창남로 17,820,126,3,semi_auto_review
IC-CR-078,남동구 소래포구 방범 CCTV-3,인천 남동구 소래동 소래포구로 30,인천,Incheon-Local,37.423100,126.742100,37.4221100,126.7513050,review_needed,행정안전부_CCTV정보 조회서비스,"반자동 검토 대기 (mng=202535300000801242, score=126, dist=820m)",202535300000801242,인천광역시 남동구청,생활방범,인천광역시 남동구 서창남로 17,820,126,3,semi_auto_review
IC-CR-079,남동구 장수동 방범 CCTV-1,인천 남동구 장수동 장수로 40,인천,Incheon-Local,37.460100,126.728000,37.4600420,126.7280280,active,행정안전부_CCTV정보 조회서비스,"P1 수동 승인 승격, mng=202535300000801120, score=216, dist=7m, source=site+row, checked=P1 추천 승인",202535300000801120,인천광역시 남동구청,생활방범,인천광역시 남동구 만수서로11번길 3,7,216,3,semi_auto_review
IC-CR-080,남동구 장수동 방범 CCTV-2,인천 남동구 장수동 장수로 40,인천,Incheon-Local,37.460100,126.728000,37.4600420,126.7280280,active,행정안전부_CCTV정보 조회서비스,"P1 수동 승인 승격, mng=202535300000801120, score=216, dist=7m, source=site+row, checked=P1 추천 승인",202535300000801120,인천광역시 남동구청,생활방범,인천광역시 남동구 만수서로11번길 3,7,216,3,semi_auto_review
IC-CR-081,남동구 장수동 방범 CCTV-3,인천 남동구 장수동 장수로 40,인천,Incheon-Local,37.460100,126.728000,37.4600420,126.7280280,active,행정안전부_CCTV정보 조회서비스,"P1 수동 승인 승격, mng=202535300000801120, score=216, dist=7m, source=site+row, checked=P1 추천 승인",202535300000801120,인천광역시 남동구청,생활방범,인천광역시 남동구 만수서로11번길 3,7,216,3,semi_auto_review
IC-CR-082,남동구 서창동 방범 CCTV-1,인천 남동구 서창동 서창동로 60,인천,Incheon-Local,37.438900,126.698500,37.4438020,126.7028640,review_needed,행정안전부_CCTV정보 조회서비스,"반자동 검토 대기 (mng=202535300000801249, score=126, dist=667m)",202535300000801249,인천광역시 남동구청,생활방범,인천광역시 남동구 인하로507번길 9,667,126,5,semi_auto_review
IC-CR-083,남동구 서창동 방범 CCTV-2,인천 남동구 서창동 서창동로 60,인천,Incheon-Local,37.438900,126.698500,37.4438020,126.7028640,review_needed,행정안전부_CCTV정보 조회서비스,"반자동 검토 대기 (mng=202535300000801249, score=126, dist=667m)",202535300000801249,인천광역시 남동구청,생활방범,인천광역시 남동구 인하로507번길 9,667,126,5,semi_auto_review
IC-CR-084,남동구 서창동 방범 CCTV-3,인천 남동구 서창동 서창동로 60,인천,Incheon-Local,37.438900,126.698500,37.4438020,126.7028640,review_needed,행정안전부_CCTV정보 조회서비스,"반자동 검토 대기 (mng=202535300000801249, score=126, dist=667m)",202535300000801249,인천광역시 남동구청,생활방범,인천광역시 남동구 인하로507번길 9,667,126,5,semi_auto_review
IC-CR-085,계양구 계산동 방범 CCTV-1,인천 계양구 계산동 계양대로 120,인천,Incheon-Local,37.542100,126.731200,37.5421320,126.7328260,review_needed,행정안전부_CCTV정보 조회서비스,"반자동 검토 대기 (mng=202535500000800498, score=191, dist=143m)",202535500000800498,인천광역시 계양구청,생활방범,인천광역시 계양구 경명대로 1142번길 7,143,191,3,semi_auto_review
IC-CR-086,계양구 계산동 방범 CCTV-2,인천 계양구 계산동 계양대로 120,인천,Incheon-Local,37.542100,126.731200,37.5421320,126.7328260,review_needed,행정안전부_CCTV정보 조회서비스,"반자동 검토 대기 (mng=202535500000800498, score=191, dist=143m)",202535500000800498,인천광역시 계양구청,생활방범,인천광역시 계양구 경명대로 1142번길 7,143,191,3,semi_auto_review
IC-CR-087,계양구 계산동 방범 CCTV-3,인천 계양구 계산동 계양대로 120,인천,Incheon-Local,37.542100,126.731200,37.5421320,126.7328260,review_needed,행정안전부_CCTV정보 조회서비스,"반자동 검토 대기 (mng=202535500000800498, score=191, dist=143m)",202535500000800498,인천광역시 계양구청,생활방범,인천광역시 계양구 경명대로 1142번길 7,143,191,3,semi_auto_review
IC-CR-088,계양구 임학동 방범 CCTV-1,인천 계양구 임학동 임학로 55,인천,Incheon-Local,37.538000,126.742100,37.5377680,126.7417660,active,행정안전부_CCTV정보 조회서비스,"P1 수동 승인 승격, mng=202535500000800436, score=216, dist=39m, source=site+row, checked=P1 2차 추천 승인",202535500000800436,인천광역시 계양구청,생활방범,인천광역시 계양구 용종로 38,39,216,4,semi_auto_review
IC-CR-089,계양구 임학동 방범 CCTV-2,인천 계양구 임학동 임학로 55,인천,Incheon-Local,37.538000,126.742100,37.5377680,126.7417660,active,행정안전부_CCTV정보 조회서비스,"P1 수동 승인 승격, mng=202535500000800436, score=216, dist=39m, source=site+row, checked=P1 2차 추천 승인",202535500000800436,인천광역시 계양구청,생활방범,인천광역시 계양구 용종로 38,39,216,4,semi_auto_review
IC-CR-090,계양구 임학동 방범 CCTV-3,인천 계양구 임학동 임학로 55,인천,Incheon-Local,37.538000,126.742100,37.5377680,126.7417660,active,행정안전부_CCTV정보 조회서비스,"P1 수동 승인 승격, mng=202535500000800436, score=216, dist=39m, source=site+row, checked=P1 2차 추천 승인",202535500000800436,인천광역시 계양구청,생활방범,인천광역시 계양구 용종로 38,39,216,4,semi_auto_review
IC-CR-091,계양구 효성동 방범 CCTV-1,인천 계양구 효성동 효성로 80,인천,Incheon-Local,37.531800,126.719800,37.5308070,126.7217580,review_needed,행정안전부_CCTV정보 조회서비스,"반자동 검토 대기 (mng=202535500000800239, score=171, dist=205m)",202535500000800239,인천광역시 계양구청,생활방범,인천광역시 계양구 작전동 봉오대로 657,205,171,3,semi_auto_review
IC-CR-092,계양구 효성동 방범 CCTV-2,인천 계양구 효성동 효성로 80,인천,Incheon-Local,37.531800,126.719800,37.5308070,126.7217580,review_needed,행정안전부_CCTV정보 조회서비스,"반자동 검토 대기 (mng=202535500000800239, score=171, dist=205m)",202535500000800239,인천광역시 계양구청,생활방범,인천광역시 계양구 작전동 봉오대로 657,205,171,3,semi_auto_review
IC-CR-093,계양구 효성동 방범 CCTV-3,인천 계양구 효성동 효성로 80,인천,Incheon-Local,37.531800,126.719800,37.5308070,126.7217580,review_needed,행정안전부_CCTV정보 조회서비스,"반자동 검토 대기 (mng=202535500000800239, score=171, dist=205m)",202535500000800239,인천광역시 계양구청,생활방범,인천광역시 계양구 작전동 봉오대로 657,205,171,3,semi_auto_review
IC-CR-094,계양구 귤현동 방범 CCTV-1,인천 계양구 귤현동 계양대로 21,인천,Incheon-Local,37.537100,126.738200,37.5370730,126.7384800,active,행정안전부_CCTV정보 조회서비스,"P1 수동 승인 승격, mng=202535500000800431, score=194, dist=25m, source=row, checked=manual approval per user instruction",202535500000800431,인천광역시 계양구청,생활방범,인천광역시 계양구 계산새로 88,25,194,1,semi_auto_review
IC-CR-095,계양구 귤현동 방범 CCTV-2,인천 계양구 귤현동 계양대로 21,인천,Incheon-Local,37.537100,126.738200,37.5370730,126.7384800,review_needed,행정안전부_CCTV정보 조회서비스,"반자동 검토 대기 (mng=202535500000800431, score=194, dist=25m)",202535500000800431,인천광역시 계양구청,생활방범,인천광역시 계양구 계산새로 88,25,194,1,semi_auto_review
IC-CR-096,계양구 귤현동 방범 CCTV-3,인천 계양구 귤현동 계양대로 21,인천,Incheon-Local,37.537100,126.738200,37.5370730,126.7384800,review_needed,행정안전부_CCTV정보 조회서비스,"반자동 검토 대기 (mng=202535500000800431, score=194, dist=25m)",202535500000800431,인천광역시 계양구청,생활방범,인천광역시 계양구 계산새로 88,25,194,1,semi_auto_review
IC-CR-097,계양구 작전동 방범 CCTV-1,인천 계양구 작전동 작전로 44,인천,Incheon-Local,37.528500,126.728000,37.5286730,126.7273870,active,행정안전부_CCTV정보 조회서비스,"P1 수동 승인 승격, mng=202535500000800263, score=216, dist=57m, source=site+row, checked=P1 추천 승인",202535500000800263,인천광역시 계양구청,생활방범,인천광역시 계양구 봉오대로 706번길 16,57,216,3,semi_auto_review
IC-CR-098,계양구 작전동 방범 CCTV-2,인천 계양구 작전동 작전로 44,인천,Incheon-Local,37.528500,126.728000,37.5286730,126.7273870,active,행정안전부_CCTV정보 조회서비스,"P1 수동 승인 승격, mng=202535500000800263, score=216, dist=57m, source=site+row, checked=P1 추천 승인",202535500000800263,인천광역시 계양구청,생활방범,인천광역시 계양구 봉오대로 706번길 16,57,216,3,semi_auto_review
IC-CR-099,계양구 작전동 방범 CCTV-3,인천 계양구 작전동 작전로 44,인천,Incheon-Local,37.528500,126.728000,37.5286730,126.7273870,active,행정안전부_CCTV정보 조회서비스,"P1 수동 승인 승격, mng=202535500000800263, score=216, dist=57m, source=site+row, checked=P1 추천 승인",202535500000800263,인천광역시 계양구청,생활방범,인천광역시 계양구 봉오대로 706번길 16,57,216,3,semi_auto_review
IC-CR-100,서구 청라동 방범 CCTV-1,인천 서구 청라동 청라로 100,인천,Incheon-Local,37.536800,126.647800,37.5451229,126.6578700,review_needed,행정안전부_CCTV정보 조회서비스,"반자동 검토 대기 (mng=202535600000800231, score=101, dist=1282m)",202535600000800231,인천광역시 서구청,생활방범,인천광역시 서구 간재울1길 61,1282,101,3,semi_auto_review
IC-CR-101,서구 청라동 방범 CCTV-2,인천 서구 청라동 청라로 100,인천,Incheon-Local,37.536800,126.647800,37.5451229,126.6578700,review_needed,행정안전부_CCTV정보 조회서비스,"반자동 검토 대기 (mng=202535600000800231, score=101, dist=1282m)",202535600000800231,인천광역시 서구청,생활방범,인천광역시 서구 간재울1길 61,1282,101,3,semi_auto_review
IC-CR-102,서구 청라동 방범 CCTV-3,인천 서구 청라동 청라로 100,인천,Incheon-Local,37.536800,126.647800,37.5451229,126.6578700,review_needed,행정안전부_CCTV정보 조회서비스,"반자동 검토 대기 (mng=202535600000800231, score=101, dist=1282m)",202535600000800231,인천광역시 서구청,생활방범,인천광역시 서구 간재울1길 61,1282,101,3,semi_auto_review
IC-CR-103,서구 검단동 방범 CCTV-1,인천 서구 검단동 검단로 150,인천,Incheon-Local,37.569800,126.693200,37.5794708,126.6870000,review_needed,행정안전부_CCTV정보 조회서비스,"반자동 검토 대기 (mng=202535600000800240, score=115, dist=1206m)",202535600000800240,인천광역시 서구청,생활방범,인천광역시 서구 검단로 744번4길 19-2,1206,115,3,semi_auto_review
IC-CR-104,서구 검단동 방범 CCTV-2,인천 서구 검단동 검단로 150,인천,Incheon-Local,37.569800,126.693200,37.5794708,126.6870000,review_needed,행정안전부_CCTV정보 조회서비스,"반자동 검토 대기 (mng=202535600000800240, score=115, dist=1206m)",202535600000800240,인천광역시 서구청,생활방범,인천광역시 서구 검단로 744번4길 19-2,1206,115,3,semi_auto_review
IC-CR-105,서구 검단동 방범 CCTV-3,인천 서구 검단동 검단로 150,인천,Incheon-Local,37.569800,126.693200,37.5794708,126.6870000,review_needed,행정안전부_CCTV정보 조회서비스,"반자동 검토 대기 (mng=202535600000800240, score=115, dist=1206m)",202535600000800240,인천광역시 서구청,생활방범,인천광역시 서구 검단로 744번4길 19-2,1206,115,3,semi_auto_review
IC-CR-106,서구 가좌동 방범 CCTV-1,인천 서구 가좌동 경인로 200,인천,Incheon-Local,37.504100,126.671200,37.5045523,126.6709030,active,행정안전부_CCTV정보 조회서비스,"P1 수동 승인 승격, mng=202535600000801940, score=216, dist=57m, source=site+row, checked=P1 추천 승인",202535600000801940,인천광역시 서구청,생활방범,인천광역시 서구 거북로81번길 14,57,216,3,semi_auto_review
IC-CR-107,서구 가좌동 방범 CCTV-2,인천 서구 가좌동 경인로 200,인천,Incheon-Local,37.504100,126.671200,37.5045523,126.6709030,active,행정안전부_CCTV정보 조회서비스,"P1 수동 승인 승격, mng=202535600000801940, score=216, dist=57m, source=site+row, checked=P1 추천 승인",202535600000801940,인천광역시 서구청,생활방범,인천광역시 서구 거북로81번길 14,57,216,3,semi_auto_review
IC-CR-108,서구 가좌동 방범 CCTV-3,인천 서구 가좌동 경인로 200,인천,Incheon-Local,37.504100,126.671200,37.5045523,126.6709030,active,행정안전부_CCTV정보 조회서비스,"P1 수동 승인 승격, mng=202535600000801940, score=216, dist=57m, source=site+row, checked=P1 추천 승인",202535600000801940,인천광역시 서구청,생활방범,인천광역시 서구 거북로81번길 14,57,216,3,semi_auto_review
IC-CR-109,서구 석남동 방범 CCTV-1,인천 서구 석남동 석남로 70,인천,Incheon-Local,37.512200,126.685100,37.5127212,126.6822200,review_needed,행정안전부_CCTV정보 조회서비스,"반자동 검토 대기 (mng=202535600000800919, score=171, dist=261m)",202535600000800919,인천광역시 서구청,생활방범,인천광역시 서구 서달로116번길 36-30,261,171,3,semi_auto_review
IC-CR-110,서구 석남동 방범 CCTV-2,인천 서구 석남동 석남로 70,인천,Incheon-Local,37.512200,126.685100,37.5127212,126.6822200,review_needed,행정안전부_CCTV정보 조회서비스,"반자동 검토 대기 (mng=202535600000800919, score=171, dist=261m)",202535600000800919,인천광역시 서구청,생활방범,인천광역시 서구 서달로116번길 36-30,261,171,3,semi_auto_review
IC-CR-111,서구 석남동 방범 CCTV-3,인천 서구 석남동 석남로 70,인천,Incheon-Local,37.512200,126.685100,37.5127212,126.6822200,review_needed,행정안전부_CCTV정보 조회서비스,"반자동 검토 대기 (mng=202535600000800919, score=171, dist=261m)",202535600000800919,인천광역시 서구청,생활방범,인천광역시 서구 서달로116번길 36-30,261,171,3,semi_auto_review
IC-CR-112,서구 신현동 방범 CCTV-1,인천 서구 신현동 신현로 45,인천,Incheon-Local,37.521200,126.665100,37.5195861,126.6670822,review_needed,행정안전부_CCTV정보 조회서비스,"반자동 검토 대기 (mng=202535600000801948, score=171, dist=251m)",202535600000801948,인천광역시 서구청,생활방범,인천광역시 서구 새오개로 106-10,251,171,3,semi_auto_review
IC-CR-113,서구 신현동 방범 CCTV-2,인천 서구 신현동 신현로 45,인천,Incheon-Local,37.521200,126.665100,37.5195861,126.6670822,review_needed,행정안전부_CCTV정보 조회서비스,"반자동 검토 대기 (mng=202535600000801948, score=171, dist=251m)",202535600000801948,인천광역시 서구청,생활방범,인천광역시 서구 새오개로 106-10,251,171,3,semi_auto_review
IC-CR-114,서구 신현동 방범 CCTV-3,인천 서구 신현동 신현로 45,인천,Incheon-Local,37.521200,126.665100,37.5195861,126.6670822,review_needed,행정안전부_CCTV정보 조회서비스,"반자동 검토 대기 (mng=202535600000801948, score=171, dist=251m)",202535600000801948,인천광역시 서구청,생활방범,인천광역시 서구 새오개로 106-10,251,171,3,semi_auto_review
IC-CR-115,서구 당하동 방범 CCTV-1,인천 서구 당하동 당하로 30,인천,Incheon-Local,37.552000,126.705000,37.5638891,126.7032400,review_needed,행정안전부_CCTV정보 조회서비스,"반자동 검토 대기 (mng=202535600000801322, score=101, dist=1331m)",202535600000801322,인천광역시 서구청,생활방범,인천광역시 서구 고산로40번길 22,1331,101,3,semi_auto_review
IC-CR-116,서구 당하동 방범 CCTV-2,인천 서구 당하동 당하로 30,인천,Incheon-Local,37.552000,126.705000,37.5638891,126.7032400,review_needed,행정안전부_CCTV정보 조회서비스,"반자동 검토 대기 (mng=202535600000801322, score=101, dist=1331m)",202535600000801322,인천광역시 서구청,생활방범,인천광역시 서구 고산로40번길 22,1331,101,3,semi_auto_review
IC-CR-117,서구 당하동 방범 CCTV-3,인천 서구 당하동 당하로 30,인천,Incheon-Local,37.552000,126.705000,37.5638891,126.7032400,review_needed,행정안전부_CCTV정보 조회서비스,"반자동 검토 대기 (mng=202535600000801322, score=101, dist=1331m)",202535600000801322,인천광역시 서구청,생활방범,인천광역시 서구 고산로40번길 22,1331,101,3,semi_auto_review
IC-CR-118,중구 신흥동 방범 CCTV-1,인천 중구 신흥동 신흥로 30,인천,Incheon-Local,37.475500,126.617500,37.4761469,126.6170827,review_needed,행정안전부_CCTV정보 조회서비스,"반자동 검토 대기 (mng=202534900000800306, score=191, dist=81m)",202534900000800306,인천광역시 중구청,생활방범,인천광역시 중구 제물량로 271,81,191,3,semi_auto_review
IC-CR-119,중구 신흥동 방범 CCTV-2,인천 중구 신흥동 신흥로 30,인천,Incheon-Local,37.475500,126.617500,37.4761469,126.6170827,review_needed,행정안전부_CCTV정보 조회서비스,"반자동 검토 대기 (mng=202534900000800306, score=191, dist=81m)",202534900000800306,인천광역시 중구청,생활방범,인천광역시 중구 제물량로 271,81,191,3,semi_auto_review
IC-CR-120,중구 신흥동 방범 CCTV-3,인천 중구 신흥동 신흥로 30,인천,Incheon-Local,37.475500,126.617500,37.4761469,126.6170827,review_needed,행정안전부_CCTV정보 조회서비스,"반자동 검토 대기 (mng=202534900000800306, score=191, dist=81m)",202534900000800306,인천광역시 중구청,생활방범,인천광역시 중구 제물량로 271,81,191,3,semi_auto_review
IC-CR-121,중구 내동 방범 CCTV-1,인천 중구 내동 인중로 50,인천,Incheon-Local,37.476800,126.621200,37.4767541,126.6204745,active,행정안전부_CCTV정보 조회서비스,"P1 수동 승인 승격, mng=202534900000800152, score=216, dist=64m, source=site+row, checked=P1 2차 추천 승인",202534900000800152,인천광역시 중구청,생활방범,인천광역시 중구 자유공원서로 27,64,216,3,semi_auto_review
IC-CR-122,중구 내동 방범 CCTV-2,인천 중구 내동 인중로 50,인천,Incheon-Local,37.476800,126.621200,37.4767541,126.6204745,active,행정안전부_CCTV정보 조회서비스,"P1 수동 승인 승격, mng=202534900000800152, score=216, dist=64m, source=site+row, checked=P1 2차 추천 승인",202534900000800152,인천광역시 중구청,생활방범,인천광역시 중구 자유공원서로 27,64,216,3,semi_auto_review
IC-CR-123,중구 내동 방범 CCTV-3,인천 중구 내동 인중로 50,인천,Incheon-Local,37.476800,126.621200,37.4767541,126.6204745,active,행정안전부_CCTV정보 조회서비스,"P1 수동 승인 승격, mng=202534900000800152, score=216, dist=64m, source=site+row, checked=P1 2차 추천 승인",202534900000800152,인천광역시 중구청,생활방범,인천광역시 중구 자유공원서로 27,64,216,3,semi_auto_review
IC-CR-124,동구 송림동 방범 CCTV-1,인천 동구 송림동 송림로 40,인천,Incheon-Local,37.474300,126.643200,37.4746700,126.6428000,active,행정안전부_CCTV정보 조회서비스,"P1 수동 승인 승격, mng=202535000000801392, score=230, dist=54m, source=site+row, checked=P1 추천 승인",202535000000801392,인천광역시 동구청,생활방범,인천광역시 동구 송림로 62,54,230,3,semi_auto_review
IC-CR-125,동구 송림동 방범 CCTV-2,인천 동구 송림동 송림로 40,인천,Incheon-Local,37.474300,126.643200,37.4746700,126.6428000,active,행정안전부_CCTV정보 조회서비스,"P1 수동 승인 승격, mng=202535000000801392, score=230, dist=54m, source=site+row, checked=P1 추천 승인",202535000000801392,인천광역시 동구청,생활방범,인천광역시 동구 송림로 62,54,230,3,semi_auto_review
IC-CR-126,동구 송림동 방범 CCTV-3,인천 동구 송림동 송림로 40,인천,Incheon-Local,37.474300,126.643200,37.4746700,126.6428000,active,행정안전부_CCTV정보 조회서비스,"P1 수동 승인 승격, mng=202535000000801392, score=230, dist=54m, source=site+row, checked=P1 추천 승인",202535000000801392,인천광역시 동구청,생활방범,인천광역시 동구 송림로 62,54,230,3,semi_auto_review
IC-CR-127,강화군 강화읍 방범 CCTV-1,인천 강화군 강화읍 중앙로 80,인천,Incheon-Local,37.746800,126.487600,37.7468460,126.4873670,active,행정안전부_CCTV정보 조회서비스,"P1 수동 승인 승격, mng=202535700000801149, score=225, dist=21m, source=site+row, checked=P1 추천 승인",202535700000801149,인천광역시 강화군,생활방범,인천광역시 강화읍 관청리,21,225,3,semi_auto_review
IC-CR-128,강화군 강화읍 방범 CCTV-2,인천 강화군 강화읍 중앙로 80,인천,Incheon-Local,37.746800,126.487600,37.7468460,126.4873670,active,행정안전부_CCTV정보 조회서비스,"P1 수동 승인 승격, mng=202535700000801149, score=225, dist=21m, source=site+row, checked=P1 추천 승인",202535700000801149,인천광역시 강화군,생활방범,인천광역시 강화읍 관청리,21,225,3,semi_auto_review
IC-CR-129,강화군 강화읍 방범 CCTV-3,인천 강화군 강화읍 중앙로 80,인천,Incheon-Local,37.746800,126.487600,37.7468460,126.4873670,active,행정안전부_CCTV정보 조회서비스,"P1 수동 승인 승격, mng=202535700000801149, score=225, dist=21m, source=site+row, checked=P1 추천 승인",202535700000801149,인천광역시 강화군,생활방범,인천광역시 강화읍 관청리,21,225,3,semi_auto_review
IC-CR-130,강화군 불은면 방범 CCTV-1,인천 강화군 불은면 불은로 50,인천,Incheon-Local,37.721200,126.501200,37.7223160,126.4838010,review_needed,행정안전부_CCTV정보 조회서비스,"반자동 검토 대기 (mng=202535700000801827, score=110, dist=1535m)",202535700000801827,인천광역시 강화군,생활방범,인천광역시 불은면 고능리,1535,110,3,semi_auto_review
IC-CR-131,강화군 불은면 방범 CCTV-2,인천 강화군 불은면 불은로 50,인천,Incheon-Local,37.721200,126.501200,37.7223160,126.4838010,review_needed,행정안전부_CCTV정보 조회서비스,"반자동 검토 대기 (mng=202535700000801827, score=110, dist=1535m)",202535700000801827,인천광역시 강화군,생활방범,인천광역시 불은면 고능리,1535,110,3,semi_auto_review
IC-CR-132,강화군 불은면 방범 CCTV-3,인천 강화군 불은면 불은로 50,인천,Incheon-Local,37.721200,126.501200,37.7223160,126.4838010,review_needed,행정안전부_CCTV정보 조회서비스,"반자동 검토 대기 (mng=202535700000801827, score=110, dist=1535m)",202535700000801827,인천광역시 강화군,생활방범,인천광역시 불은면 고능리,1535,110,3,semi_auto_review
IC-CR-133,연수구 송도2동 방범 CCTV-1,인천 연수구 송도2동 컨벤시아대로 50,인천,Incheon-Local,37.385100,126.642800,,,pending,,인천 방범 1차 검수 대기,,,,,,,,
IC-CR-134,연수구 송도2동 방범 CCTV-2,인천 연수구 송도2동 컨벤시아대로 50,인천,Incheon-Local,37.385100,126.642800,,,pending,,인천 방범 1차 검수 대기,,,,,,,,
IC-CR-135,연수구 송도2동 방범 CCTV-3,인천 연수구 송도2동 컨벤시아대로 50,인천,Incheon-Local,37.385100,126.642800,,,pending,,인천 방범 1차 검수 대기,,,,,,,,
IC-CR-136,연수구 송도4동 방범 CCTV-1,인천 연수구 송도4동 해돋이로 120,인천,Incheon-Local,37.381200,126.652500,37.3952100,126.6629000,review_needed,행정안전부_CCTV정보 조회서비스,"반자동 검토 대기 (mng=202535200000801218, score=74, dist=1809m)",202535200000801218,인천광역시 연수구,차량방범,인천광역시 연수구 아암대로 833,1809,74,1,semi_auto_review
IC-CR-137,연수구 송도4동 방범 CCTV-2,인천 연수구 송도4동 해돋이로 120,인천,Incheon-Local,37.381200,126.652500,37.3952100,126.6629000,review_needed,행정안전부_CCTV정보 조회서비스,"반자동 검토 대기 (mng=202535200000801218, score=74, dist=1809m)",202535200000801218,인천광역시 연수구,차량방범,인천광역시 연수구 아암대로 833,1809,74,1,semi_auto_review
IC-CR-138,연수구 송도4동 방범 CCTV-3,인천 연수구 송도4동 해돋이로 120,인천,Incheon-Local,37.381200,126.652500,37.3952100,126.6629000,review_needed,행정안전부_CCTV정보 조회서비스,"반자동 검토 대기 (mng=202535200000801218, score=74, dist=1809m)",202535200000801218,인천광역시 연수구,차량방범,인천광역시 연수구 아암대로 833,1809,74,1,semi_auto_review
IC-CR-139,연수구 송도6동 방범 CCTV-1,인천 연수구 송도6동 송도국제대로,인천,Incheon-Local,37.372100,126.661800,,,pending,,인천 방범 1차 검수 대기,,,,,,,,
IC-CR-140,연수구 송도6동 방범 CCTV-2,인천 연수구 송도6동 송도국제대로,인천,Incheon-Local,37.372100,126.661800,,,pending,,인천 방범 1차 검수 대기,,,,,,,,
IC-CR-141,연수구 송도6동 방범 CCTV-3,인천 연수구 송도6동 송도국제대로,인천,Incheon-Local,37.372100,126.661800,,,pending,,인천 방범 1차 검수 대기,,,,,,,,
IC-CR-142,연수구 송도7동 방범 CCTV-1,인천 연수구 송도7동 첨단대로 150,인천,Incheon-Local,37.378000,126.670100,,,pending,,인천 방범 1차 검수 대기,,,,,,,,
IC-CR-143,연수구 송도7동 방범 CCTV-2,인천 연수구 송도7동 첨단대로 150,인천,Incheon-Local,37.378000,126.670100,,,pending,,인천 방범 1차 검수 대기,,,,,,,,
IC-CR-144,연수구 송도7동 방범 CCTV-3,인천 연수구 송도7동 첨단대로 150,인천,Incheon-Local,37.378000,126.670100,,,pending,,인천 방범 1차 검수 대기,,,,,,,,
IC-CR-145,연수구 미추홀 방범 CCTV-1,인천 연수구 연수동 연수로 200,인천,Incheon-Local,37.415200,126.671000,37.4150700,126.6720000,review_needed,행정안전부_CCTV정보 조회서비스,"반자동 검토 대기 (mng=202535200000800757, score=164, dist=89m)",202535200000800757,인천광역시 연수구,생활방범,인천광역시 연수구 동곡재로 34,89,164,1,semi_auto_review
IC-CR-146,연수구 미추홀 방범 CCTV-2,인천 연수구 연수동 연수로 200,인천,Incheon-Local,37.415200,126.671000,37.4150700,126.6720000,review_needed,행정안전부_CCTV정보 조회서비스,"반자동 검토 대기 (mng=202535200000800757, score=164, dist=89m)",202535200000800757,인천광역시 연수구,생활방범,인천광역시 연수구 동곡재로 34,89,164,1,semi_auto_review
IC-CR-147,연수구 미추홀 방범 CCTV-3,인천 연수구 연수동 연수로 200,인천,Incheon-Local,37.415200,126.671000,37.4150700,126.6720000,review_needed,행정안전부_CCTV정보 조회서비스,"반자동 검토 대기 (mng=202535200000800757, score=164, dist=89m)",202535200000800757,인천광역시 연수구,생활방범,인천광역시 연수구 동곡재로 34,89,164,1,semi_auto_review
IC-CR-148,서구 루원시티 방범 CCTV-1,인천 서구 루원시티대로 30,인천,Incheon-Local,37.504500,126.679300,37.5034157,126.6795900,review_needed,행정안전부_CCTV정보 조회서비스,"반자동 검토 대기 (mng=202535600000801618, score=169, dist=123m)",202535600000801618,인천광역시 서구청,생활방범,인천광역시 서구 서달로20번길 12-2,123,169,1,semi_auto_review
IC-CR-149,서구 루원시티 방범 CCTV-2,인천 서구 루원시티대로 30,인천,Incheon-Local,37.504500,126.679300,37.5034157,126.6795900,review_needed,행정안전부_CCTV정보 조회서비스,"반자동 검토 대기 (mng=202535600000801618, score=169, dist=123m)",202535600000801618,인천광역시 서구청,생활방범,인천광역시 서구 서달로20번길 12-2,123,169,1,semi_auto_review
IC-CR-150,서구 루원시티 방범 CCTV-3,인천 서구 루원시티대로 30,인천,Incheon-Local,37.504500,126.679300,37.5034157,126.6795900,review_needed,행정안전부_CCTV정보 조회서비스,"반자동 검토 대기 (mng=202535600000801618, score=169, dist=123m)",202535600000801618,인천광역시 서구청,생활방범,인천광역시 서구 서달로20번길 12-2,123,169,1,semi_auto_review
IC-FI-001,부평구 소방 CCTV,인천 부평구 부평대로 217 (부평소방서),인천,Incheon-Local,37.508200,126.724900,,,pending,,인천 소방 1차 검수 대기,,,,,,,,
IC-FI-002,부평구 소방 CCTV,인천 부평구 산곡동 (산곡119안전센터),인천,Incheon-Local,37.518800,126.715200,37.5240240,126.7164650,review_needed,행정안전부_CCTV정보 조회서비스,"반자동 검토 대기 (mng=202535500000800197, score=77, dist=591m)",202535500000800197,인천광역시 계양구청,재난재해,인천광역시 계양구 새벌로 84,591,77,2,semi_auto_review
IC-FI-003,미추홀구 소방 CCTV,인천 미추홀구 주안동 (주안119안전센터),인천,Incheon-Local,37.469800,126.672800,37.4640000,126.6700000,review_needed,행정안전부_CCTV정보 조회서비스,"반자동 검토 대기 (mng=202535105000801883, score=126, dist=691m)",202535105000801883,인천광역시 미추홀구청,재난재해,인천광역시 미추홀구 주안로 89,691,126,1,semi_auto_review
IC-FI-004,미추홀구 소방 CCTV,인천 미추홀구 학익동 (학익119안전센터),인천,Incheon-Local,37.442100,126.663100,37.4470000,126.6700000,review_needed,행정안전부_CCTV정보 조회서비스,"반자동 검토 대기 (mng=202535105000802686, score=126, dist=817m)",202535105000802686,인천광역시 미추홀구청,재난재해,인천광역시 미추홀구 도로명주소 없음,817,126,1,semi_auto_review
IC-FI-005,연수구 소방 CCTV,인천 연수구 앵고개로 98 (연수소방서),인천,Incheon-Local,37.414100,126.692100,37.4237900,126.7030000,review_needed,행정안전부_CCTV정보 조회서비스,"반자동 검토 대기 (mng=202535200000801906, score=96, dist=1445m)",202535200000801906,인천광역시 연수구,재난재해,인천광역시 연수구 솔샘로43번길 42,1445,96,1,semi_auto_review
IC-FI-006,연수구 소방 CCTV,인천 연수구 송도과학로 16 (송도119안전센터),인천,Incheon-Local,37.392800,126.629200,37.3735600,126.6256000,review_needed,행정안전부_CCTV정보 조회서비스,"반자동 검토 대기 (mng=202535200000801921, score=76, dist=2163m)",202535200000801921,인천광역시 연수구,재난재해,인천광역시 연수구 청능대로 205,2163,76,1,semi_auto_review
IC-FI-007,연수구 소방 CCTV,인천 연수구 동춘동 (동춘119안전센터),인천,Incheon-Local,37.402100,126.682100,37.4067700,126.6856000,review_needed,행정안전부_CCTV정보 조회서비스,"반자동 검토 대기 (mng=202535200000801910, score=121, dist=604m)",202535200000801910,인천광역시 연수구,재난재해,인천광역시 연수구 함박안로 27,604,121,1,semi_auto_review
IC-FI-008,남동구 소방 CCTV,인천 남동구 소래역로 100 (인천소방본부),인천,Incheon-Local,37.449800,126.736200,,,pending,,인천 소방 1차 검수 대기,,,,,,,,
IC-FI-009,남동구 소방 CCTV,인천 남동구 구월동 (구월119안전센터),인천,Incheon-Local,37.456300,126.705200,,,pending,,인천 소방 1차 검수 대기,,,,,,,,
IC-FI-010,남동구 소방 CCTV,인천 남동구 논현동 (논현119안전센터),인천,Incheon-Local,37.435000,126.731200,,,pending,,인천 소방 1차 검수 대기,,,,,,,,
IC-FI-011,계양구 소방 CCTV,인천 계양구 계양대로 (계양소방서),인천,Incheon-Local,37.542100,126.731200,37.5383970,126.7345060,review_needed,행정안전부_CCTV정보 조회서비스,"반자동 검토 대기 (mng=202535500000800433, score=126, dist=504m)",202535500000800433,인천광역시 계양구청,재난재해,인천광역시 계양구 계산새로 61,504,126,1,semi_auto_review
IC-FI-012,계양구 소방 CCTV,인천 계양구 귤현동 (귤현119안전센터),인천,Incheon-Local,37.537100,126.738200,37.5381110,126.7343910,review_needed,행정안전부_CCTV정보 조회서비스,"반자동 검토 대기 (mng=202535500000800309, score=151, dist=354m)",202535500000800309,인천광역시 계양구청,재난재해,인천광역시 계양구 장제로 758(계양경찰서앞 지하차도-천대고가방면),354,151,1,semi_auto_review
IC-FI-013,서구 소방 CCTV,인천 서구 가좌동 (서부소방서),인천,Incheon-Local,37.504100,126.671200,,,pending,,인천 소방 1차 검수 대기,,,,,,,,
IC-FI-014,서구 소방 CCTV,인천 서구 청라동 (청라119안전센터),인천,Incheon-Local,37.536800,126.647800,,,pending,,인천 소방 1차 검수 대기,,,,,,,,
IC-FI-015,서구 소방 CCTV,인천 서구 검단동 (검단119안전센터),인천,Incheon-Local,37.569800,126.693200,37.5468290,126.7073650,review_needed,행정안전부_CCTV정보 조회서비스,"반자동 검토 대기 (mng=202535500000801158, score=81, dist=2843m)",202535500000801158,인천광역시 계양구청,재난재해,인천광역시 서구 공촌동 산163-23 천마산 생태통로 등산로,2843,81,3,semi_auto_review
IC-FI-016,중구 소방 CCTV,인천 중구 공항로 424 (인천공항소방대),인천,Incheon-Local,37.449000,126.451000,,,pending,,인천 소방 1차 검수 대기,,,,,,,,
IC-FI-017,중구 소방 CCTV,인천 중구 신흥동 (중부소방서),인천,Incheon-Local,37.475500,126.617500,,,pending,,인천 소방 1차 검수 대기,,,,,,,,
IC-FI-018,동구 소방 CCTV,인천 동구 금창동 (동부소방서),인천,Incheon-Local,37.478000,126.651200,,,pending,,인천 소방 1차 검수 대기,,,,,,,,
IC-FI-019,강화군 소방 CCTV,인천 강화군 강화읍 (강화소방서),인천,Incheon-Local,37.746800,126.487600,37.7484850,126.4843670,review_needed,행정안전부_CCTV정보 조회서비스,"반자동 검토 대기 (mng=202535700000801265, score=160, dist=340m)",202535700000801265,인천광역시 강화군,재난재해,인천광역시 강화읍 남산리,340,160,3,semi_auto_review
IC-FI-020,강화군 소방 CCTV,인천 강화군 불은면 (불은119안전센터),인천,Incheon-Local,37.721200,126.501200,37.6902000,126.5200000,review_needed,행정안전부_CCTV정보 조회서비스,"반자동 검토 대기 (mng=202535700000801976, score=90, dist=3823m)",202535700000801976,인천광역시 강화군,재난재해,인천광역시 불은면 고능리,3823,90,3,semi_auto_review
IC-FI-021,연수구 소방 CCTV,인천 연수구 송도1동 (송도1동119안전센터),인천,Incheon-Local,37.393200,126.642500,37.3735600,126.6256000,review_needed,행정안전부_CCTV정보 조회서비스,"반자동 검토 대기 (mng=202535200000801922, score=76, dist=2646m)",202535200000801922,인천광역시 연수구,재난재해,인천광역시 연수구 청능대로 205,2646,76,1,semi_auto_review
IC-FI-022,부평구 소방 CCTV,인천 부평구 부개동 (부개119안전센터),인천,Incheon-Local,37.505200,126.723100,,,pending,,인천 소방 1차 검수 대기,,,,,,,,
IC-FI-023,미추홀구 소방 CCTV,인천 미추홀구 용현동 (용현119안전센터),인천,Incheon-Local,37.456400,126.651600,37.4590000,126.6500000,review_needed,행정안전부_CCTV정보 조회서비스,"반자동 검토 대기 (mng=202535105000800386, score=151, dist=322m)",202535105000800386,인천광역시 미추홀구청,재난재해,인천광역시 미추홀구 수봉로 80-42,322,151,1,semi_auto_review
IC-FI-024,계양구 소방 CCTV,인천 계양구 임학동 (임학119안전센터),인천,Incheon-Local,37.538000,126.742100,37.5428290,126.7385970,review_needed,행정안전부_CCTV정보 조회서비스,"반자동 검토 대기 (mng=202535500000800780, score=126, dist=619m)",202535500000800780,인천광역시 계양구청,재난재해,인천광역시 계양구 경명대로(임학지하차도_펌프장),619,126,1,semi_auto_review
IC-FI-025,서구 소방 CCTV,인천 서구 당하동 (검단2119안전센터),인천,Incheon-Local,37.552000,126.705000,37.5472040,126.7076500,review_needed,행정안전부_CCTV정보 조회서비스,"반자동 검토 대기 (mng=202535500000801159, score=126, dist=582m)",202535500000801159,인천광역시 계양구청,재난재해,인천광역시 서구 공촌동 산163-3 계양산 생태통로 등산로,582,126,2,semi_auto_review
IC-FI-026,남동구 소방 CCTV,인천 남동구 간석동 (간석119안전센터),인천,Incheon-Local,37.472100,126.708500,,,pending,,인천 소방 1차 검수 대기,,,,,,,,
IC-FI-027,연수구 소방 CCTV,인천 연수구 옥련동 (옥련119안전센터),인천,Incheon-Local,37.423100,126.661200,37.4237900,126.7030000,review_needed,행정안전부_CCTV정보 조회서비스,"반자동 검토 대기 (mng=202535200000801905, score=76, dist=3692m)",202535200000801905,인천광역시 연수구,재난재해,인천광역시 연수구 솔샘로43번길 42,3692,76,1,semi_auto_review
IC-FI-028,서구 소방 CCTV,인천 서구 석남동 (석남119안전센터),인천,Incheon-Local,37.512200,126.685100,37.5288944,126.6846200,review_needed,행정안전부_CCTV정보 조회서비스,"반자동 검토 대기 (mng=202535600000801904, score=101, dist=1857m)",202535600000801904,인천광역시 서구청,재난재해,인천광역시 서구 서달로130번길 30-10,1857,101,4,semi_auto_review
IC-FI-029,부평구 소방 CCTV,인천 부평구 효성동 (효성119안전센터),인천,Incheon-Local,37.531800,126.719800,37.5342390,126.7154110,review_needed,행정안전부_CCTV정보 조회서비스,"반자동 검토 대기 (mng=202535500000801154, score=116, dist=473m)",202535500000801154,인천광역시 계양구청,재난재해,인천광역시 계양구 효성동 산 7-2 단비교회 등산로,473,116,2,semi_auto_review
IC-FI-030,중구 소방 CCTV,인천 중구 운서동 (공항항공대119),인천,Incheon-Local,37.469000,126.481200,,,pending,,인천 소방 1차 검수 대기,,,,,,,,
